InvoiceNo,StockCode,Description,Quantity,InvoiceDate,UnitPrice,CustomerID,Country,IsCancelled,IsReturn,Year,Month,Day,Hour,DayOfWeek,Weekday,TotalPrice,Season,TransactionType,IsLoyalCustomer,ProductCategory
536365,85123A,White Hanging Heart T-Light Holder,6,,2.55,17850.0,United Kingdom,False,False,,,,,,,15.299999999999999,,Sale,True,Home
536365,71053,White Metal Lantern,6,,3.39,17850.0,United Kingdom,False,False,,,,,,,20.34,,Sale,True,Home
536365,84406B,Cream Cupid Hearts Coat Hanger,8,,2.75,17850.0,United Kingdom,False,False,,,,,,,22.0,,Sale,True,Other
536365,84029G,Knitted Union Flag Hot Water Bottle,6,,3.39,17850.0,United Kingdom,False,False,,,,,,,20.34,,Sale,True,Other
536365,84029E,Red Woolly Hottie White Heart.,6,,3.39,17850.0,United Kingdom,False,False,,,,,,,20.34,,Sale,True,Other
536365,22752,Set 7 Babushka Nesting Boxes,2,,7.65,17850.0,United Kingdom,False,False,,,,,,,15.3,,Sale,True,Other
536365,21730,Glass Star Frosted T-Light Holder,6,,4.25,17850.0,United Kingdom,False,False,,,,,,,25.5,,Sale,True,Home
536366,22633,Hand Warmer Union Jack,6,,1.85,17850.0,United Kingdom,False,False,,,,,,,11.100000000000001,,Sale,True,Other
536366,22632,Hand Warmer Red Polka Dot,6,,1.85,17850.0,United Kingdom,False,False,,,,,,,11.100000000000001,,Sale,True,Other
536367,84879,Assorted Colour Bird Ornament,32,,1.69,13047.0,United Kingdom,False,False,,,,,,,54.08,,Sale,True,Other
536367,22745,Poppy'S Playhouse Bedroom,6,,2.1,13047.0,United Kingdom,False,False,,,,,,,12.600000000000001,,Sale,True,Other
536367,22748,Poppy'S Playhouse Kitchen,6,,2.1,13047.0,United Kingdom,False,False,,,,,,,12.600000000000001,,Sale,True,Other
536367,22749,Feltcraft Princess Charlotte Doll,8,,3.75,13047.0,United Kingdom,False,False,,,,,,,30.0,,Sale,True,Toys
536367,22310,Ivory Knitted Mug Cosy,6,,1.65,13047.0,United Kingdom,False,False,,,,,,,9.899999999999999,,Sale,True,Kitchen
536367,84969,Box Of 6 Assorted Colour Teaspoons,6,,4.25,13047.0,United Kingdom,False,False,,,,,,,25.5,,Sale,True,Other
536367,22623,Box Of Vintage Jigsaw Blocks,3,,4.95,13047.0,United Kingdom,False,False,,,,,,,14.850000000000001,,Sale,True,Other
536367,22622,Box Of Vintage Alphabet Blocks,2,,9.95,13047.0,United Kingdom,False,False,,,,,,,19.9,,Sale,True,Other
536367,21754,Home Building Block Word,3,,5.95,13047.0,United Kingdom,False,False,,,,,,,17.85,,Sale,True,Other
536367,21755,Love Building Block Word,3,,5.95,13047.0,United Kingdom,False,False,,,,,,,17.85,,Sale,True,Other
536367,21777,Recipe Box With Metal Heart,4,,7.95,13047.0,United Kingdom,False,False,,,,,,,31.8,,Sale,True,Other
536367,48187,Doormat New England,4,,7.95,13047.0,United Kingdom,False,False,,,,,,,31.8,,Sale,True,Other
536368,22960,Jam Making Set With Jars,6,,4.25,13047.0,United Kingdom,False,False,,,,,,,25.5,,Sale,True,Other
536368,22913,Red Coat Rack Paris Fashion,3,,4.95,13047.0,United Kingdom,False,False,,,,,,,14.850000000000001,,Sale,True,Other
536368,22912,Yellow Coat Rack Paris Fashion,3,,4.95,13047.0,United Kingdom,False,False,,,,,,,14.850000000000001,,Sale,True,Other
536368,22914,Blue Coat Rack Paris Fashion,3,,4.95,13047.0,United Kingdom,False,False,,,,,,,14.850000000000001,,Sale,True,Other
536369,21756,Bath Building Block Word,3,,5.95,13047.0,United Kingdom,False,False,,,,,,,17.85,,Sale,True,Other
536370,22728,Alarm Clock Bakelike Pink,24,,3.75,12583.0,France,False,False,,,,,,,90.0,,Sale,True,Other
536370,22727,Alarm Clock Bakelike Red,24,,3.75,12583.0,France,False,False,,,,,,,90.0,,Sale,True,Other
536370,22726,Alarm Clock Bakelike Green,12,,3.75,12583.0,France,False,False,,,,,,,45.0,,Sale,True,Other
536370,21724,Panda And Bunnies Sticker Sheet,12,,0.85,12583.0,France,False,False,,,,,,,10.2,,Sale,True,Other
536370,21883,Stars Gift Tape,24,,0.65,12583.0,France,False,False,,,,,,,15.600000000000001,,Sale,True,Other
536370,10002,Inflatable Political Globe,48,,0.85,12583.0,France,False,False,,,,,,,40.8,,Sale,True,Other
536370,21791,Vintage Heads And Tails Card Game,24,,1.25,12583.0,France,False,False,,,,,,,30.0,,Sale,True,Gift
536370,21035,Set/2 Red Retrospot Tea Towels,18,,2.95,12583.0,France,False,False,,,,,,,53.1,,Sale,True,Other
536370,22326,Round Snack Boxes Set Of4 Woodland,24,,2.95,12583.0,France,False,False,,,,,,,70.80000000000001,,Sale,True,Other
536370,22629,Spaceboy Lunch Box,24,,1.95,12583.0,France,False,False,,,,,,,46.8,,Sale,True,Other
536370,22659,Lunch Box I Love London,24,,1.95,12583.0,France,False,False,,,,,,,46.8,,Sale,True,Other
536370,22631,Circus Parade Lunch Box,24,,1.95,12583.0,France,False,False,,,,,,,46.8,,Sale,True,Other
536370,22661,Charlotte Bag Dolly Girl Design,20,,0.85,12583.0,France,False,False,,,,,,,17.0,,Sale,True,Bags
536370,21731,Red Toadstool Led Night Light,24,,1.65,12583.0,France,False,False,,,,,,,39.599999999999994,,Sale,True,Home
536370,22900,Set 2 Tea Towels I Love London,24,,2.95,12583.0,France,False,False,,,,,,,70.80000000000001,,Sale,True,Other
536370,21913,Vintage Seaside Jigsaw Puzzles,12,,3.75,12583.0,France,False,False,,,,,,,45.0,,Sale,True,Other
536370,22540,Mini Jigsaw Circus Parade,24,,0.42,12583.0,France,False,False,,,,,,,10.08,,Sale,True,Other
536370,22544,Mini Jigsaw Spaceboy,24,,0.42,12583.0,France,False,False,,,,,,,10.08,,Sale,True,Other
536370,22492,Mini Paint Set Vintage,36,,0.65,12583.0,France,False,False,,,,,,,23.400000000000002,,Sale,True,Other
536370,POST,Postage,3,,18.0,12583.0,France,False,False,,,,,,,54.0,,Sale,True,Other
536371,22086,Paper Chain Kit 50'S Christmas,80,,2.55,13748.0,United Kingdom,False,False,,,,,,,204.0,,Sale,False,Stationery
536372,22632,Hand Warmer Red Polka Dot,6,,1.85,17850.0,United Kingdom,False,False,,,,,,,11.100000000000001,,Sale,True,Other
536372,22633,Hand Warmer Union Jack,6,,1.85,17850.0,United Kingdom,False,False,,,,,,,11.100000000000001,,Sale,True,Other
536373,85123A,White Hanging Heart T-Light Holder,6,,2.55,17850.0,United Kingdom,False,False,,,,,,,15.299999999999999,,Sale,True,Home
536373,71053,White Metal Lantern,6,,3.39,17850.0,United Kingdom,False,False,,,,,,,20.34,,Sale,True,Home
536373,84406B,Cream Cupid Hearts Coat Hanger,8,,2.75,17850.0,United Kingdom,False,False,,,,,,,22.0,,Sale,True,Other
536373,20679,Edwardian Parasol Red,6,,4.95,17850.0,United Kingdom,False,False,,,,,,,29.700000000000003,,Sale,True,Other
536373,37370,Retro Coffee Mugs Assorted,6,,1.06,17850.0,United Kingdom,False,False,,,,,,,6.36,,Sale,True,Kitchen
536373,21871,Save The Planet Mug,6,,1.06,17850.0,United Kingdom,False,False,,,,,,,6.36,,Sale,True,Kitchen
536373,21071,Vintage Billboard Drink Me Mug,6,,1.06,17850.0,United Kingdom,False,False,,,,,,,6.36,,Sale,True,Kitchen
536373,21068,Vintage Billboard Love/Hate Mug,6,,1.06,17850.0,United Kingdom,False,False,,,,,,,6.36,,Sale,True,Kitchen
536373,82483,Wood 2 Drawer Cabinet White Finish,2,,4.95,17850.0,United Kingdom,False,False,,,,,,,9.9,,Sale,True,Other
536373,82486,Wood S/3 Cabinet Ant White Finish,4,,6.95,17850.0,United Kingdom,False,False,,,,,,,27.8,,Sale,True,Other
536373,82482,Wooden Picture Frame White Finish,6,,2.1,17850.0,United Kingdom,False,False,,,,,,,12.600000000000001,,Sale,True,Other
536373,82494L,Wooden Frame Antique White,6,,2.55,17850.0,United Kingdom,False,False,,,,,,,15.299999999999999,,Sale,True,Other
536373,84029G,Knitted Union Flag Hot Water Bottle,6,,3.39,17850.0,United Kingdom,False,False,,,,,,,20.34,,Sale,True,Other
536373,84029E,Red Woolly Hottie White Heart.,6,,3.39,17850.0,United Kingdom,False,False,,,,,,,20.34,,Sale,True,Other
536373,22752,Set 7 Babushka Nesting Boxes,2,,7.65,17850.0,United Kingdom,False,False,,,,,,,15.3,,Sale,True,Other
536373,21730,Glass Star Frosted T-Light Holder,6,,4.25,17850.0,United Kingdom,False,False,,,,,,,25.5,,Sale,True,Home
536374,21258,Victorian Sewing Box Large,32,,10.95,15100.0,United Kingdom,False,False,,,,,,,350.4,,Sale,True,Other
536375,85123A,White Hanging Heart T-Light Holder,6,,2.55,17850.0,United Kingdom,False,False,,,,,,,15.299999999999999,,Sale,True,Home
536375,71053,White Metal Lantern,6,,3.39,17850.0,United Kingdom,False,False,,,,,,,20.34,,Sale,True,Home
536375,84406B,Cream Cupid Hearts Coat Hanger,8,,2.75,17850.0,United Kingdom,False,False,,,,,,,22.0,,Sale,True,Other
536375,20679,Edwardian Parasol Red,6,,4.95,17850.0,United Kingdom,False,False,,,,,,,29.700000000000003,,Sale,True,Other
536375,37370,Retro Coffee Mugs Assorted,6,,1.06,17850.0,United Kingdom,False,False,,,,,,,6.36,,Sale,True,Kitchen
536375,21871,Save The Planet Mug,6,,1.06,17850.0,United Kingdom,False,False,,,,,,,6.36,,Sale,True,Kitchen
536375,21071,Vintage Billboard Drink Me Mug,6,,1.06,17850.0,United Kingdom,False,False,,,,,,,6.36,,Sale,True,Kitchen
536375,21068,Vintage Billboard Love/Hate Mug,6,,1.06,17850.0,United Kingdom,False,False,,,,,,,6.36,,Sale,True,Kitchen
536375,82483,Wood 2 Drawer Cabinet White Finish,2,,4.95,17850.0,United Kingdom,False,False,,,,,,,9.9,,Sale,True,Other
536375,82486,Wood S/3 Cabinet Ant White Finish,4,,6.95,17850.0,United Kingdom,False,False,,,,,,,27.8,,Sale,True,Other
536375,82482,Wooden Picture Frame White Finish,6,,2.1,17850.0,United Kingdom,False,False,,,,,,,12.600000000000001,,Sale,True,Other
536375,82494L,Wooden Frame Antique White,6,,2.55,17850.0,United Kingdom,False,False,,,,,,,15.299999999999999,,Sale,True,Other
536375,84029G,Knitted Union Flag Hot Water Bottle,6,,3.39,17850.0,United Kingdom,False,False,,,,,,,20.34,,Sale,True,Other
536375,84029E,Red Woolly Hottie White Heart.,6,,3.39,17850.0,United Kingdom,False,False,,,,,,,20.34,,Sale,True,Other
536375,22752,Set 7 Babushka Nesting Boxes,2,,7.65,17850.0,United Kingdom,False,False,,,,,,,15.3,,Sale,True,Other
536375,21730,Glass Star Frosted T-Light Holder,6,,4.25,17850.0,United Kingdom,False,False,,,,,,,25.5,,Sale,True,Home
536376,22114,Hot Water Bottle Tea And Sympathy,48,,3.45,15291.0,United Kingdom,False,False,,,,,,,165.60000000000002,,Sale,True,Other
536376,21733,Red Hanging Heart T-Light Holder,64,,2.55,15291.0,United Kingdom,False,False,,,,,,,163.2,,Sale,True,Home
536377,22632,Hand Warmer Red Polka Dot,6,,1.85,17850.0,United Kingdom,False,False,,,,,,,11.100000000000001,,Sale,True,Other
536377,22633,Hand Warmer Union Jack,6,,1.85,17850.0,United Kingdom,False,False,,,,,,,11.100000000000001,,Sale,True,Other
536378,22386,Jumbo Bag Pink Polkadot,10,,1.95,14688.0,United Kingdom,False,False,,,,,,,19.5,,Sale,True,Bags
536378,85099C,Jumbo Bag Baroque Black White,10,,1.95,14688.0,United Kingdom,False,False,,,,,,,19.5,,Sale,True,Bags
536378,21033,Jumbo Bag Charlie And Lola Toys,10,,2.95,14688.0,United Kingdom,False,False,,,,,,,29.5,,Sale,True,Bags
536378,20723,Strawberry Charlotte Bag,10,,0.85,14688.0,United Kingdom,False,False,,,,,,,8.5,,Sale,True,Bags
536378,84997B,Red 3 Piece Retrospot Cutlery Set,12,,3.75,14688.0,United Kingdom,False,False,,,,,,,45.0,,Sale,True,Other
536378,84997C,Blue 3 Piece Polkadot Cutlery Set,6,,3.75,14688.0,United Kingdom,False,False,,,,,,,22.5,,Sale,True,Other
536378,21094,Set/6 Red Spotty Paper Plates,12,,0.85,14688.0,United Kingdom,False,False,,,,,,,10.2,,Sale,True,Kitchen
536378,20725,Lunch Bag Red Retrospot,10,,1.65,14688.0,United Kingdom,False,False,,,,,,,16.5,,Sale,True,Bags
536378,21559,Strawberry Lunch Box With Cutlery,6,,2.55,14688.0,United Kingdom,False,False,,,,,,,15.299999999999999,,Sale,True,Other
536378,22352,Lunch Box With Cutlery Retrospot,6,,2.55,14688.0,United Kingdom,False,False,,,,,,,15.299999999999999,,Sale,True,Other
536378,21212,Pack Of 72 Retrospot Cake Cases,120,,0.42,14688.0,United Kingdom,False,False,,,,,,,50.4,,Sale,True,Other
536378,21975,Pack Of 60 Dinosaur Cake Cases,24,,0.55,14688.0,United Kingdom,False,False,,,,,,,13.200000000000001,,Sale,True,Other
536378,21977,Pack Of 60 Pink Paisley Cake Cases,24,,0.55,14688.0,United Kingdom,False,False,,,,,,,13.200000000000001,,Sale,True,Other
536378,84991,60 Teatime Fairy Cake Cases,24,,0.55,14688.0,United Kingdom,False,False,,,,,,,13.200000000000001,,Sale,True,Other
536378,84519A,Tomato Charlie+Lola Coaster Set,6,,2.95,14688.0,United Kingdom,False,False,,,,,,,17.700000000000003,,Sale,True,Other
536378,85183B,Charlie & Lola Wastepaper Bin Flora,48,,1.25,14688.0,United Kingdom,False,False,,,,,,,60.0,,Sale,True,Stationery
536378,85071B,Red Charlie+Lola Personal Doorsign,96,,0.38,14688.0,United Kingdom,False,False,,,,,,,36.480000000000004,,Sale,True,Other
536378,21931,Jumbo Storage Bag Suki,10,,1.95,14688.0,United Kingdom,False,False,,,,,,,19.5,,Sale,True,Bags
536378,21929,Jumbo Bag Pink Vintage Paisley,10,,1.95,14688.0,United Kingdom,False,False,,,,,,,19.5,,Sale,True,Bags
536380,22961,Jam Making Set Printed,24,,1.45,17809.0,United Kingdom,False,False,,,,,,,34.8,,Sale,True,Other
536381,22139,Retrospot Tea Set Ceramic 11 Pc,23,,4.25,15311.0,United Kingdom,False,False,,,,,,,97.75,,Sale,True,Other
536381,84854,Girly Pink Tool Set,5,,4.95,15311.0,United Kingdom,False,False,,,,,,,24.75,,Sale,True,Other
536381,22411,Jumbo Shopper Vintage Red Paisley,10,,1.95,15311.0,United Kingdom,False,False,,,,,,,19.5,,Sale,True,Other
536381,82567,"Airline Lounge,Metal Sign",2,,2.1,15311.0,United Kingdom,False,False,,,,,,,4.2,,Sale,True,Other
536381,21672,White Spot Red Ceramic Drawer Knob,6,,1.25,15311.0,United Kingdom,False,False,,,,,,,7.5,,Sale,True,Other
536381,22774,Red Drawer Knob Acrylic Edwardian,24,,1.25,15311.0,United Kingdom,False,False,,,,,,,30.0,,Sale,True,Other
536381,22771,Clear Drawer Knob Acrylic Edwardian,24,,1.25,15311.0,United Kingdom,False,False,,,,,,,30.0,,Sale,True,Other
536381,71270,Photo Clip Line,1,,1.25,15311.0,United Kingdom,False,False,,,,,,,1.25,,Sale,True,Other
536381,22262,Felt Egg Cosy Chicken,1,,0.85,15311.0,United Kingdom,False,False,,,,,,,0.85,,Sale,True,Other
536381,22637,Piggy Bank Retrospot,1,,2.55,15311.0,United Kingdom,False,False,,,,,,,2.55,,Sale,True,Other
536381,21934,Skull Shoulder Bag,10,,1.65,15311.0,United Kingdom,False,False,,,,,,,16.5,,Sale,True,Bags
536381,21169,You'Re Confusing Me Metal Sign,3,,1.69,15311.0,United Kingdom,False,False,,,,,,,5.07,,Sale,True,Other
536381,21166,Cook With Wine Metal Sign,1,,1.95,15311.0,United Kingdom,False,False,,,,,,,1.95,,Sale,True,Other
536381,21175,Gin + Tonic Diet Metal Sign,2,,2.1,15311.0,United Kingdom,False,False,,,,,,,4.2,,Sale,True,Other
536381,37444A,Yellow Breakfast Cup And Saucer,1,,2.95,15311.0,United Kingdom,False,False,,,,,,,2.95,,Sale,True,Other
536381,37444C,Pink Breakfast Cup And Saucer,1,,2.95,15311.0,United Kingdom,False,False,,,,,,,2.95,,Sale,True,Other
536381,22086,Paper Chain Kit 50'S Christmas,4,,2.95,15311.0,United Kingdom,False,False,,,,,,,11.8,,Sale,True,Stationery
536381,22083,Paper Chain Kit Retrospot,1,,2.95,15311.0,United Kingdom,False,False,,,,,,,2.95,,Sale,True,Stationery
536381,84971S,Small Heart Flowers Hook,6,,0.85,15311.0,United Kingdom,False,False,,,,,,,5.1,,Sale,True,Other
536381,71270,Photo Clip Line,3,,1.25,15311.0,United Kingdom,False,False,,,,,,,3.75,,Sale,True,Other
536381,47580,Tea Time Des Tea Cosy,2,,2.55,15311.0,United Kingdom,False,False,,,,,,,5.1,,Sale,True,Other
536381,22261,Felt Egg Cosy White Rabbit,1,,0.85,15311.0,United Kingdom,False,False,,,,,,,0.85,,Sale,True,Other
536381,84832,Zinc Willie Winkie Candle Stick,1,,0.85,15311.0,United Kingdom,False,False,,,,,,,0.85,,Sale,True,Home
536381,22644,Ceramic Cherry Cake Money Bank,1,,1.45,15311.0,United Kingdom,False,False,,,,,,,1.45,,Sale,True,Other
536381,21533,Retrospot Large Milk Jug,1,,4.95,15311.0,United Kingdom,False,False,,,,,,,4.95,,Sale,True,Other
536381,21557,Set Of 6 Funky Beakers,2,,2.95,15311.0,United Kingdom,False,False,,,,,,,5.9,,Sale,True,Other
536381,15056BL,Edwardian Parasol Black,2,,5.95,15311.0,United Kingdom,False,False,,,,,,,11.9,,Sale,True,Other
536381,15056N,Edwardian Parasol Natural,2,,5.95,15311.0,United Kingdom,False,False,,,,,,,11.9,,Sale,True,Other
536381,22646,Ceramic Strawberry Cake Money Bank,4,,1.45,15311.0,United Kingdom,False,False,,,,,,,5.8,,Sale,True,Other
536381,22176,Blue Owl Soft Toy,1,,2.95,15311.0,United Kingdom,False,False,,,,,,,2.95,,Sale,True,Toys
536381,22438,Balloon Art Make Your Own Flowers,1,,1.95,15311.0,United Kingdom,False,False,,,,,,,1.95,,Sale,True,Other
536381,21731,Red Toadstool Led Night Light,2,,1.65,15311.0,United Kingdom,False,False,,,,,,,3.3,,Sale,True,Home
536381,22778,Glass Cloche Small,3,,3.95,15311.0,United Kingdom,False,False,,,,,,,11.850000000000001,,Sale,True,Kitchen
536381,22719,Gumball Monochrome Coat Rack,36,,1.06,15311.0,United Kingdom,False,False,,,,,,,38.160000000000004,,Sale,True,Other
536381,21523,Doormat Fancy Font Home Sweet Home,10,,6.75,15311.0,United Kingdom,False,False,,,,,,,67.5,,Sale,True,Other
C536379,D,Discount,-1,,27.5,14527.0,United Kingdom,True,True,,,,,,,-27.5,,Cancelled,True,Other
536382,10002,Inflatable Political Globe,12,,0.85,16098.0,United Kingdom,False,False,,,,,,,10.2,,Sale,True,Other
536382,21912,Vintage Snakes & Ladders,8,,3.75,16098.0,United Kingdom,False,False,,,,,,,30.0,,Sale,True,Other
536382,21832,Chocolate Calculator,12,,1.65,16098.0,United Kingdom,False,False,,,,,,,19.799999999999997,,Sale,True,Other
536382,22411,Jumbo Shopper Vintage Red Paisley,10,,1.95,16098.0,United Kingdom,False,False,,,,,,,19.5,,Sale,True,Other
536382,22379,Recycling Bag Retrospot,10,,2.1,16098.0,United Kingdom,False,False,,,,,,,21.0,,Sale,True,Bags
536382,22381,Toy Tidy Pink Polkadot,50,,1.85,16098.0,United Kingdom,False,False,,,,,,,92.5,,Sale,True,Toys
536382,22798,Antique Glass Dressing Table Pot,8,,2.95,16098.0,United Kingdom,False,False,,,,,,,23.6,,Sale,True,Kitchen
536382,22726,Alarm Clock Bakelike Green,4,,3.75,16098.0,United Kingdom,False,False,,,,,,,15.0,,Sale,True,Other
536382,22926,Ivory Giant Garden Thermometer,12,,5.95,16098.0,United Kingdom,False,False,,,,,,,71.4,,Sale,True,Other
536382,22839,3 Tier Cake Tin Green And Cream,2,,14.95,16098.0,United Kingdom,False,False,,,,,,,29.9,,Sale,True,Other
536382,22838,3 Tier Cake Tin Red And Cream,2,,14.95,16098.0,United Kingdom,False,False,,,,,,,29.9,,Sale,True,Other
536382,22783,Set 3 Wicker Oval Baskets W Lids,4,,16.95,16098.0,United Kingdom,False,False,,,,,,,67.8,,Sale,True,Other
C536383,35004C,Set Of 3 Coloured Flying Ducks,-1,,4.65,15311.0,United Kingdom,True,True,,,,,,,-4.65,,Cancelled,True,Other
536384,82484,Wood Black Board Ant White Finish,3,,6.45,18074.0,United Kingdom,False,False,,,,,,,19.35,,Sale,False,Other
536384,84755,Colour Glass T-Light Holder Hanging,48,,0.65,18074.0,United Kingdom,False,False,,,,,,,31.200000000000003,,Sale,False,Home
536384,22464,Hanging Metal Heart Lantern,12,,1.65,18074.0,United Kingdom,False,False,,,,,,,19.799999999999997,,Sale,False,Home
536384,21324,Hanging Medina Lantern Small,6,,2.95,18074.0,United Kingdom,False,False,,,,,,,17.700000000000003,,Sale,False,Home
536384,22457,Natural Slate Heart Chalkboard,12,,2.95,18074.0,United Kingdom,False,False,,,,,,,35.400000000000006,,Sale,False,Other
536384,22469,Heart Of Wicker Small,40,,1.45,18074.0,United Kingdom,False,False,,,,,,,58.0,,Sale,False,Other
536384,22470,Heart Of Wicker Large,40,,2.55,18074.0,United Kingdom,False,False,,,,,,,102.0,,Sale,False,Other
536384,22224,White Lovebird Lantern,6,,2.95,18074.0,United Kingdom,False,False,,,,,,,17.700000000000003,,Sale,False,Home
536384,21340,Classic Metal Birdcage Plant Holder,2,,12.75,18074.0,United Kingdom,False,False,,,,,,,25.5,,Sale,False,Home
536384,22189,Cream Heart Card Holder,4,,3.95,18074.0,United Kingdom,False,False,,,,,,,15.8,,Sale,False,Home
536384,22427,Enamel Flower Jug Cream,3,,5.95,18074.0,United Kingdom,False,False,,,,,,,17.85,,Sale,False,Other
536384,22428,Enamel Fire Bucket Cream,6,,6.95,18074.0,United Kingdom,False,False,,,,,,,41.7,,Sale,False,Other
536384,22424,Enamel Bread Bin Cream,8,,10.95,18074.0,United Kingdom,False,False,,,,,,,87.6,,Sale,False,Other
536385,22783,Set 3 Wicker Oval Baskets W Lids,1,,19.95,17420.0,United Kingdom,False,False,,,,,,,19.95,,Sale,False,Other
536385,22961,Jam Making Set Printed,12,,1.45,17420.0,United Kingdom,False,False,,,,,,,17.4,,Sale,False,Other
536385,22960,Jam Making Set With Jars,6,,4.25,17420.0,United Kingdom,False,False,,,,,,,25.5,,Sale,False,Other
536385,22663,Jumbo Bag Dolly Girl Design,10,,1.95,17420.0,United Kingdom,False,False,,,,,,,19.5,,Sale,False,Bags
536385,85049A,Traditional Christmas Ribbons,12,,1.25,17420.0,United Kingdom,False,False,,,,,,,15.0,,Sale,False,Gift
536385,22168,Organiser Wood Antique White,2,,8.5,17420.0,United Kingdom,False,False,,,,,,,17.0,,Sale,False,Other
536385,22662,Lunch Bag Dolly Girl Design,10,,1.65,17420.0,United Kingdom,False,False,,,,,,,16.5,,Sale,False,Bags
536386,84880,White Wire Egg Holder,36,,4.95,16029.0,United Kingdom,False,False,,,,,,,178.20000000000002,,Sale,True,Home
536386,85099C,Jumbo Bag Baroque Black White,100,,1.65,16029.0,United Kingdom,False,False,,,,,,,165.0,,Sale,True,Bags
536386,85099B,Jumbo Bag Red Retrospot,100,,1.65,16029.0,United Kingdom,False,False,,,,,,,165.0,,Sale,True,Bags
536387,79321,Chilli Lights,192,,3.82,16029.0,United Kingdom,False,False,,,,,,,733.4399999999999,,Sale,True,Home
536387,22780,Light Garland Butterfiles Pink,192,,3.37,16029.0,United Kingdom,False,False,,,,,,,647.04,,Sale,True,Home
536387,22779,Wooden Owls Light Garland,192,,3.37,16029.0,United Kingdom,False,False,,,,,,,647.04,,Sale,True,Home
536387,22466,Fairy Tale Cottage Nightlight,432,,1.45,16029.0,United Kingdom,False,False,,,,,,,626.4,,Sale,True,Home
536387,21731,Red Toadstool Led Night Light,432,,1.25,16029.0,United Kingdom,False,False,,,,,,,540.0,,Sale,True,Home
536388,21754,Home Building Block Word,3,,5.95,16250.0,United Kingdom,False,False,,,,,,,17.85,,Sale,False,Other
536388,21755,Love Building Block Word,3,,5.95,16250.0,United Kingdom,False,False,,,,,,,17.85,,Sale,False,Other
536388,21523,Doormat Fancy Font Home Sweet Home,2,,7.95,16250.0,United Kingdom,False,False,,,,,,,15.9,,Sale,False,Other
536388,21363,Home Small Wood Letters,3,,4.95,16250.0,United Kingdom,False,False,,,,,,,14.850000000000001,,Sale,False,Other
536388,21411,Gingham Heart Doorstop Red,3,,4.25,16250.0,United Kingdom,False,False,,,,,,,12.75,,Sale,False,Other
536388,22318,Five Heart Hanging Decoration,6,,2.95,16250.0,United Kingdom,False,False,,,,,,,17.700000000000003,,Sale,False,Other
536388,22464,Hanging Metal Heart Lantern,12,,1.65,16250.0,United Kingdom,False,False,,,,,,,19.799999999999997,,Sale,False,Home
536388,22915,Assorted Bottle Top Magnets,12,,0.42,16250.0,United Kingdom,False,False,,,,,,,5.04,,Sale,False,Other
536388,22922,Fridge Magnets Us Diner Assorted,12,,0.85,16250.0,United Kingdom,False,False,,,,,,,10.2,,Sale,False,Other
536388,22969,Homemade Jam Scented Candles,12,,1.45,16250.0,United Kingdom,False,False,,,,,,,17.4,,Sale,False,Home
536388,22923,Fridge Magnets Les Enfants Assorted,12,,0.85,16250.0,United Kingdom,False,False,,,,,,,10.2,,Sale,False,Other
536388,21115,Rose Caravan Doorstop,4,,6.75,16250.0,United Kingdom,False,False,,,,,,,27.0,,Sale,False,Other
536388,22469,Heart Of Wicker Small,12,,1.65,16250.0,United Kingdom,False,False,,,,,,,19.799999999999997,,Sale,False,Other
536388,22242,5 Hook Hanger Magic Toadstool,12,,1.65,16250.0,United Kingdom,False,False,,,,,,,19.799999999999997,,Sale,False,Other
536389,22941,Christmas Lights 10 Reindeer,6,,8.5,12431.0,Australia,False,False,,,,,,,51.0,,Sale,True,Home
536389,21622,Vintage Union Jack Cushion Cover,8,,4.95,12431.0,Australia,False,False,,,,,,,39.6,,Sale,True,Home
536389,21791,Vintage Heads And Tails Card Game,12,,1.25,12431.0,Australia,False,False,,,,,,,15.0,,Sale,True,Gift
536389,35004C,Set Of 3 Coloured Flying Ducks,6,,5.45,12431.0,Australia,False,False,,,,,,,32.7,,Sale,True,Other
536389,35004G,Set Of 3 Gold Flying Ducks,4,,6.35,12431.0,Australia,False,False,,,,,,,25.4,,Sale,True,Other
536389,85014B,Red Retrospot Umbrella,6,,5.95,12431.0,Australia,False,False,,,,,,,35.7,,Sale,True,Other
536389,85014A,Black/Blue Polkadot Umbrella,3,,5.95,12431.0,Australia,False,False,,,,,,,17.85,,Sale,True,Other
536389,22193,Red Diner Wall Clock,2,,8.5,12431.0,Australia,False,False,,,,,,,17.0,,Sale,True,Other
536389,22726,Alarm Clock Bakelike Green,4,,3.75,12431.0,Australia,False,False,,,,,,,15.0,,Sale,True,Other
536389,22727,Alarm Clock Bakelike Red,4,,3.75,12431.0,Australia,False,False,,,,,,,15.0,,Sale,True,Other
536389,22192,Blue Diner Wall Clock,2,,8.5,12431.0,Australia,False,False,,,,,,,17.0,,Sale,True,Other
536389,22191,Ivory Diner Wall Clock,2,,8.5,12431.0,Australia,False,False,,,,,,,17.0,,Sale,True,Other
536389,22195,Large Heart Measuring Spoons,24,,1.65,12431.0,Australia,False,False,,,,,,,39.599999999999994,,Sale,True,Other
536389,22196,Small Heart Measuring Spoons,24,,0.85,12431.0,Australia,False,False,,,,,,,20.4,,Sale,True,Other
536390,22941,Christmas Lights 10 Reindeer,2,,8.5,17511.0,United Kingdom,False,False,,,,,,,17.0,,Sale,True,Home
536390,22960,Jam Making Set With Jars,12,,3.75,17511.0,United Kingdom,False,False,,,,,,,45.0,,Sale,True,Other
536390,22961,Jam Making Set Printed,12,,1.45,17511.0,United Kingdom,False,False,,,,,,,17.4,,Sale,True,Other
536390,22962,Jam Jar With Pink Lid,48,,0.72,17511.0,United Kingdom,False,False,,,,,,,34.56,,Sale,True,Other
536390,22963,Jam Jar With Green Lid,48,,0.72,17511.0,United Kingdom,False,False,,,,,,,34.56,,Sale,True,Other
536390,22968,Rose Cottage Keepsake Box,8,,8.5,17511.0,United Kingdom,False,False,,,,,,,68.0,,Sale,True,Other
536390,84970S,Hanging Heart Zinc T-Light Holder,144,,0.64,17511.0,United Kingdom,False,False,,,,,,,92.16,,Sale,True,Home
536390,22910,Paper Chain Kit Vintage Christmas,40,,2.55,17511.0,United Kingdom,False,False,,,,,,,102.0,,Sale,True,Stationery
536390,20668,Disco Ball Christmas Decoration,288,,0.1,17511.0,United Kingdom,False,False,,,,,,,28.8,,Sale,True,Other
536390,85123A,White Hanging Heart T-Light Holder,64,,2.55,17511.0,United Kingdom,False,False,,,,,,,163.2,,Sale,True,Home
536390,22197,Small Popcorn Holder,100,,0.72,17511.0,United Kingdom,False,False,,,,,,,72.0,,Sale,True,Home
536390,22198,Large Popcorn Holder,50,,1.45,17511.0,United Kingdom,False,False,,,,,,,72.5,,Sale,True,Home
536390,21533,Retrospot Large Milk Jug,12,,4.25,17511.0,United Kingdom,False,False,,,,,,,51.0,,Sale,True,Other
536390,21080,Set/20 Red Retrospot Paper Napkins,96,,0.64,17511.0,United Kingdom,False,False,,,,,,,61.44,,Sale,True,Stationery
536390,21094,Set/6 Red Spotty Paper Plates,96,,0.64,17511.0,United Kingdom,False,False,,,,,,,61.44,,Sale,True,Kitchen
536390,21086,Set/6 Red Spotty Paper Cups,48,,0.65,17511.0,United Kingdom,False,False,,,,,,,31.200000000000003,,Sale,True,Stationery
536390,21786,Polkadot Rain Hat,144,,0.32,17511.0,United Kingdom,False,False,,,,,,,46.08,,Sale,True,Other
536390,22654,Deluxe Sewing Kit,40,,4.95,17511.0,United Kingdom,False,False,,,,,,,198.0,,Sale,True,Other
536390,21485,Retrospot Heart Hot Water Bottle,24,,4.25,17511.0,United Kingdom,False,False,,,,,,,102.0,,Sale,True,Other
536390,84029G,Knitted Union Flag Hot Water Bottle,24,,3.39,17511.0,United Kingdom,False,False,,,,,,,81.36,,Sale,True,Other
536390,84030E,English Rose Hot Water Bottle,24,,3.75,17511.0,United Kingdom,False,False,,,,,,,90.0,,Sale,True,Other
536390,22174,Photo Cube,48,,1.48,17511.0,United Kingdom,False,False,,,,,,,71.03999999999999,,Sale,True,Other
536390,22969,Homemade Jam Scented Candles,96,,1.25,17511.0,United Kingdom,False,False,,,,,,,120.0,,Sale,True,Home
536390,85099B,Jumbo Bag Red Retrospot,100,,1.65,17511.0,United Kingdom,False,False,,,,,,,165.0,,Sale,True,Bags
C536391,22556,Plasters In Tin Circus Parade,-12,,1.65,17548.0,United Kingdom,True,True,,,,,,,-19.799999999999997,,Cancelled,False,Other
C536391,21984,Pack Of 12 Pink Paisley Tissues,-24,,0.29,17548.0,United Kingdom,True,True,,,,,,,-6.959999999999999,,Cancelled,False,Other
C536391,21983,Pack Of 12 Blue Paisley Tissues,-24,,0.29,17548.0,United Kingdom,True,True,,,,,,,-6.959999999999999,,Cancelled,False,Other
C536391,21980,Pack Of 12 Red Retrospot Tissues,-24,,0.29,17548.0,United Kingdom,True,True,,,,,,,-6.959999999999999,,Cancelled,False,Other
C536391,21484,Chick Grey Hot Water Bottle,-12,,3.45,17548.0,United Kingdom,True,True,,,,,,,-41.400000000000006,,Cancelled,False,Other
C536391,22557,Plasters In Tin Vintage Paisley,-12,,1.65,17548.0,United Kingdom,True,True,,,,,,,-19.799999999999997,,Cancelled,False,Other
C536391,22553,Plasters In Tin Skulls,-24,,1.65,17548.0,United Kingdom,True,True,,,,,,,-39.599999999999994,,Cancelled,False,Other
536392,22150,3 Stripey Mice Feltcraft,6,,1.95,13705.0,United Kingdom,False,False,,,,,,,11.7,,Sale,False,Other
536392,22619,Set Of 6 Soldier Skittles,4,,3.75,13705.0,United Kingdom,False,False,,,,,,,15.0,,Sale,False,Other
536392,21891,Traditional Wooden Skipping Rope,12,,1.25,13705.0,United Kingdom,False,False,,,,,,,15.0,,Sale,False,Other
536392,21889,Wooden Box Of Dominoes,12,,1.25,13705.0,United Kingdom,False,False,,,,,,,15.0,,Sale,False,Other
536392,22827,Rustic Seventeen Drawer Sideboard,1,,165.0,13705.0,United Kingdom,False,False,,,,,,,165.0,,Sale,False,Other
536392,22127,Party Cones Carnival Assorted,12,,1.25,13705.0,United Kingdom,False,False,,,,,,,15.0,,Sale,False,Other
536392,22128,Party Cones Candy Assorted,12,,1.25,13705.0,United Kingdom,False,False,,,,,,,15.0,,Sale,False,Other
536392,22502,Picnic Basket Wicker Small,4,,5.95,13705.0,United Kingdom,False,False,,,,,,,23.8,,Sale,False,Other
536392,84879,Assorted Colour Bird Ornament,16,,1.69,13705.0,United Kingdom,False,False,,,,,,,27.04,,Sale,False,Other
536392,22338,Star Decoration Painted Zinc,24,,0.65,13705.0,United Kingdom,False,False,,,,,,,15.600000000000001,,Sale,False,Other
536393,22180,Retrospot Lamp,8,,9.95,13747.0,United Kingdom,False,False,,,,,,,79.6,,Sale,False,Other
536394,21506,"Fancy Font Birthday Card,",24,,0.42,13408.0,United Kingdom,False,False,,,,,,,10.08,,Sale,True,Gift
536394,22633,Hand Warmer Union Jack,96,,1.85,13408.0,United Kingdom,False,False,,,,,,,177.60000000000002,,Sale,True,Other
536394,22866,Hand Warmer Scotty Dog Design,96,,1.85,13408.0,United Kingdom,False,False,,,,,,,177.60000000000002,,Sale,True,Other
536394,22865,Hand Warmer Owl Design,96,,1.85,13408.0,United Kingdom,False,False,,,,,,,177.60000000000002,,Sale,True,Other
536394,22632,Hand Warmer Red Retrospot,96,,1.85,13408.0,United Kingdom,False,False,,,,,,,177.60000000000002,,Sale,True,Other
536394,21485,Retrospot Heart Hot Water Bottle,12,,4.95,13408.0,United Kingdom,False,False,,,,,,,59.400000000000006,,Sale,True,Other
536394,22349,Dog Bowl Chasing Ball Design,12,,3.75,13408.0,United Kingdom,False,False,,,,,,,45.0,,Sale,True,Kitchen
536394,22558,Clothes Pegs Retrospot Pack 24,48,,1.25,13408.0,United Kingdom,False,False,,,,,,,60.0,,Sale,True,Other
536394,85152,Hand Over The Chocolate Sign,12,,2.1,13408.0,United Kingdom,False,False,,,,,,,25.200000000000003,,Sale,True,Other
536394,85123A,White Hanging Heart T-Light Holder,32,,2.55,13408.0,United Kingdom,False,False,,,,,,,81.6,,Sale,True,Home
536394,22652,Travel Sewing Kit,20,,1.65,13408.0,United Kingdom,False,False,,,,,,,33.0,,Sale,True,Other
536395,22188,Black Heart Card Holder,8,,3.95,13767.0,United Kingdom,False,False,,,,,,,31.6,,Sale,True,Home
536395,84879,Assorted Colour Bird Ornament,32,,1.69,13767.0,United Kingdom,False,False,,,,,,,54.08,,Sale,True,Other
536395,21977,Pack Of 60 Pink Paisley Cake Cases,24,,0.55,13767.0,United Kingdom,False,False,,,,,,,13.200000000000001,,Sale,True,Other
536395,84991,60 Teatime Fairy Cake Cases,24,,0.55,13767.0,United Kingdom,False,False,,,,,,,13.200000000000001,,Sale,True,Other
536395,21212,Pack Of 72 Retrospot Cake Cases,24,,0.55,13767.0,United Kingdom,False,False,,,,,,,13.200000000000001,,Sale,True,Other
536395,21484,Chick Grey Hot Water Bottle,8,,3.45,13767.0,United Kingdom,False,False,,,,,,,27.6,,Sale,True,Other
536395,21314,Small Glass Heart Trinket Pot,8,,2.1,13767.0,United Kingdom,False,False,,,,,,,16.8,,Sale,True,Kitchen
536395,22730,Alarm Clock Bakelike Ivory,4,,3.75,13767.0,United Kingdom,False,False,,,,,,,15.0,,Sale,True,Other
536395,22727,Alarm Clock Bakelike Red,8,,3.75,13767.0,United Kingdom,False,False,,,,,,,30.0,,Sale,True,Other
536395,22729,Alarm Clock Bakelike Orange,8,,3.75,13767.0,United Kingdom,False,False,,,,,,,30.0,,Sale,True,Other
536395,22726,Alarm Clock Bakelike Green,8,,3.75,13767.0,United Kingdom,False,False,,,,,,,30.0,,Sale,True,Other
536395,22114,Hot Water Bottle Tea And Sympathy,8,,3.95,13767.0,United Kingdom,False,False,,,,,,,31.6,,Sale,True,Other
536395,22867,Hand Warmer Bird Design,48,,2.1,13767.0,United Kingdom,False,False,,,,,,,100.80000000000001,,Sale,True,Other
536395,22866,Hand Warmer Scotty Dog Design,48,,2.1,13767.0,United Kingdom,False,False,,,,,,,100.80000000000001,,Sale,True,Other
536396,85123A,White Hanging Heart T-Light Holder,6,,2.55,17850.0,United Kingdom,False,False,,,,,,,15.299999999999999,,Sale,True,Home
536396,71053,White Metal Lantern,6,,3.39,17850.0,United Kingdom,False,False,,,,,,,20.34,,Sale,True,Home
536396,84406B,Cream Cupid Hearts Coat Hanger,8,,2.75,17850.0,United Kingdom,False,False,,,,,,,22.0,,Sale,True,Other
536396,15056BL,Edwardian Parasol Black,6,,4.95,17850.0,United Kingdom,False,False,,,,,,,29.700000000000003,,Sale,True,Other
536396,20679,Edwardian Parasol Red,6,,4.95,17850.0,United Kingdom,False,False,,,,,,,29.700000000000003,,Sale,True,Other
536396,37370,Retro Coffee Mugs Assorted,6,,1.06,17850.0,United Kingdom,False,False,,,,,,,6.36,,Sale,True,Kitchen
536396,21871,Save The Planet Mug,6,,1.06,17850.0,United Kingdom,False,False,,,,,,,6.36,,Sale,True,Kitchen
536396,21071,Vintage Billboard Drink Me Mug,6,,1.06,17850.0,United Kingdom,False,False,,,,,,,6.36,,Sale,True,Kitchen
536396,21068,Vintage Billboard Love/Hate Mug,6,,1.06,17850.0,United Kingdom,False,False,,,,,,,6.36,,Sale,True,Kitchen
536396,82483,Wood 2 Drawer Cabinet White Finish,2,,4.95,17850.0,United Kingdom,False,False,,,,,,,9.9,,Sale,True,Other
536396,82486,Wood S/3 Cabinet Ant White Finish,4,,6.95,17850.0,United Kingdom,False,False,,,,,,,27.8,,Sale,True,Other
536396,82482,Wooden Picture Frame White Finish,6,,2.1,17850.0,United Kingdom,False,False,,,,,,,12.600000000000001,,Sale,True,Other
536396,82494L,Wooden Frame Antique White,12,,2.55,17850.0,United Kingdom,False,False,,,,,,,30.599999999999998,,Sale,True,Other
536396,84029G,Knitted Union Flag Hot Water Bottle,6,,3.39,17850.0,United Kingdom,False,False,,,,,,,20.34,,Sale,True,Other
536396,84029E,Red Woolly Hottie White Heart.,6,,3.39,17850.0,United Kingdom,False,False,,,,,,,20.34,,Sale,True,Other
536396,22752,Set 7 Babushka Nesting Boxes,2,,7.65,17850.0,United Kingdom,False,False,,,,,,,15.3,,Sale,True,Other
536396,22803,Ivory Embroidered Quilt,2,,35.75,17850.0,United Kingdom,False,False,,,,,,,71.5,,Sale,True,Other
536396,21730,Glass Star Frosted T-Light Holder,6,,4.25,17850.0,United Kingdom,False,False,,,,,,,25.5,,Sale,True,Home
536397,35004B,Set Of 3 Black Flying Ducks,12,,4.65,17924.0,United Kingdom,False,False,,,,,,,55.800000000000004,,Sale,True,Other
536397,35004C,Set Of 3 Coloured Flying Ducks,48,,4.65,17924.0,United Kingdom,False,False,,,,,,,223.20000000000002,,Sale,True,Other
536398,21980,Pack Of 12 Red Retrospot Tissues,24,,0.29,13448.0,United Kingdom,False,False,,,,,,,6.959999999999999,,Sale,True,Other
536398,21844,Red Retrospot Mug,6,,2.95,13448.0,United Kingdom,False,False,,,,,,,17.700000000000003,,Sale,True,Kitchen
536398,22468,Babushka Lights String Of 10,4,,6.75,13448.0,United Kingdom,False,False,,,,,,,27.0,,Sale,True,Home
536398,22637,Piggy Bank Retrospot,8,,2.55,13448.0,United Kingdom,False,False,,,,,,,20.4,,Sale,True,Other
536398,22752,Set 7 Babushka Nesting Boxes,6,,8.5,13448.0,United Kingdom,False,False,,,,,,,51.0,,Sale,True,Other
536398,48185,Doormat Fairy Cake,2,,7.95,13448.0,United Kingdom,False,False,,,,,,,15.9,,Sale,True,Other
536398,22632,Hand Warmer Red Retrospot,12,,2.1,13448.0,United Kingdom,False,False,,,,,,,25.200000000000003,,Sale,True,Other
536398,22866,Hand Warmer Scotty Dog Design,12,,2.1,13448.0,United Kingdom,False,False,,,,,,,25.200000000000003,,Sale,True,Other
536398,22865,Hand Warmer Owl Design,12,,2.1,13448.0,United Kingdom,False,False,,,,,,,25.200000000000003,,Sale,True,Other
536398,21232,Strawberry Ceramic Trinket Box,12,,1.25,13448.0,United Kingdom,False,False,,,,,,,15.0,,Sale,True,Other
536398,22064,Pink Doughnut Trinket Pot,12,,1.65,13448.0,United Kingdom,False,False,,,,,,,19.799999999999997,,Sale,True,Other
536398,22449,Silk Purse Babushka Pink,6,,3.35,13448.0,United Kingdom,False,False,,,,,,,20.1,,Sale,True,Other
536398,22114,Hot Water Bottle Tea And Sympathy,4,,3.95,13448.0,United Kingdom,False,False,,,,,,,15.8,,Sale,True,Other
536398,22835,Hot Water Bottle I Am So Poorly,8,,4.65,13448.0,United Kingdom,False,False,,,,,,,37.2,,Sale,True,Other
536398,22112,Chocolate Hot Water Bottle,9,,4.95,13448.0,United Kingdom,False,False,,,,,,,44.550000000000004,,Sale,True,Other
536398,21479,White Skull Hot Water Bottle,4,,3.75,13448.0,United Kingdom,False,False,,,,,,,15.0,,Sale,True,Other
536398,22111,Scottie Dog Hot Water Bottle,9,,4.95,13448.0,United Kingdom,False,False,,,,,,,44.550000000000004,,Sale,True,Other
536399,22632,Hand Warmer Red Polka Dot,6,,1.85,17850.0,United Kingdom,False,False,,,,,,,11.100000000000001,,Sale,True,Other
536399,22633,Hand Warmer Union Jack,6,,1.85,17850.0,United Kingdom,False,False,,,,,,,11.100000000000001,,Sale,True,Other
536400,22969,Homemade Jam Scented Candles,12,,1.45,13448.0,United Kingdom,False,False,,,,,,,17.4,,Sale,True,Home
536401,22110,Bird House Hot Water Bottle,1,,2.55,15862.0,United Kingdom,False,False,,,,,,,2.55,,Sale,False,Other
536401,22098,Boudoir Square Tissue Box,1,,1.25,15862.0,United Kingdom,False,False,,,,,,,1.25,,Sale,False,Other
536401,22100,Skulls Square Tissue Box,2,,1.25,15862.0,United Kingdom,False,False,,,,,,,2.5,,Sale,False,Other
536401,22766,Photo Frame Cornice,1,,2.95,15862.0,United Kingdom,False,False,,,,,,,2.95,,Sale,False,Other
536401,22451,Silk Purse Babushka Red,1,,3.35,15862.0,United Kingdom,False,False,,,,,,,3.35,,Sale,False,Other
536401,22549,Picture Dominoes,1,,1.45,15862.0,United Kingdom,False,False,,,,,,,1.45,,Sale,False,Other
536401,84744,S/6 Sew On Crochet Flowers,1,,1.25,15862.0,United Kingdom,False,False,,,,,,,1.25,,Sale,False,Other
536401,85049E,Scandinavian Reds Ribbons,2,,1.25,15862.0,United Kingdom,False,False,,,,,,,2.5,,Sale,False,Gift
536401,21328,Balloons Writing Set,1,,1.65,15862.0,United Kingdom,False,False,,,,,,,1.65,,Sale,False,Other
536401,22961,Jam Making Set Printed,4,,1.45,15862.0,United Kingdom,False,False,,,,,,,5.8,,Sale,False,Other
536401,17091A,Lavender Incense In Tin,1,,1.25,15862.0,United Kingdom,False,False,,,,,,,1.25,,Sale,False,Other
536401,22473,Tv Dinner Tray Vintage Paisley,1,,4.95,15862.0,United Kingdom,False,False,,,,,,,4.95,,Sale,False,Other
536401,84509A,Set Of 4 English Rose Placemats,2,,3.75,15862.0,United Kingdom,False,False,,,,,,,7.5,,Sale,False,Other
536401,84510A,Set Of 4 English Rose Coasters,2,,1.25,15862.0,United Kingdom,False,False,,,,,,,2.5,,Sale,False,Other
536401,22767,Triple Photo Frame Cornice,2,,9.95,15862.0,United Kingdom,False,False,,,,,,,19.9,,Sale,False,Other
536401,22768,Family Photo Frame Cornice,1,,9.95,15862.0,United Kingdom,False,False,,,,,,,9.95,,Sale,False,Other
536401,21463,Mirrored Disco Ball,1,,5.95,15862.0,United Kingdom,False,False,,,,,,,5.95,,Sale,False,Other
536401,21464,Disco Ball Rotator Battery Operated,1,,4.25,15862.0,United Kingdom,False,False,,,,,,,4.25,,Sale,False,Other
536401,20820,Silver Looking Mirror,3,,4.95,15862.0,United Kingdom,False,False,,,,,,,14.850000000000001,,Sale,False,Other
536401,85150,Ladies & Gentlemen Metal Sign,1,,2.55,15862.0,United Kingdom,False,False,,,,,,,2.55,,Sale,False,Other
536401,22117,Metal Sign Her Dinner Is Served,1,,2.95,15862.0,United Kingdom,False,False,,,,,,,2.95,,Sale,False,Other
536401,21169,You'Re Confusing Me Metal Sign,2,,1.69,15862.0,United Kingdom,False,False,,,,,,,3.38,,Sale,False,Other
536401,48129,Doormat Topiary,1,,7.95,15862.0,United Kingdom,False,False,,,,,,,7.95,,Sale,False,Other
536401,82580,Bathroom Metal Sign,1,,0.55,15862.0,United Kingdom,False,False,,,,,,,0.55,,Sale,False,Other
536401,82578,Kitchen Metal Sign,1,,0.55,15862.0,United Kingdom,False,False,,,,,,,0.55,,Sale,False,Other
536401,82581,Toilet Metal Sign,2,,0.55,15862.0,United Kingdom,False,False,,,,,,,1.1,,Sale,False,Other
536401,22413,Metal Sign Take It Or Leave It,4,,2.95,15862.0,United Kingdom,False,False,,,,,,,11.8,,Sale,False,Other
536401,21907,I'M On Holiday Metal Sign,2,,2.1,15862.0,United Kingdom,False,False,,,,,,,4.2,,Sale,False,Other
536401,22441,Grow Your Own Basil In Enamel Mug,1,,2.1,15862.0,United Kingdom,False,False,,,,,,,2.1,,Sale,False,Kitchen
536401,21122,Set/10 Pink Polkadot Party Candles,1,,1.25,15862.0,United Kingdom,False,False,,,,,,,1.25,,Sale,False,Home
536401,22851,Set 20 Napkins Fairy Cakes Design,1,,0.85,15862.0,United Kingdom,False,False,,,,,,,0.85,,Sale,False,Other
536401,84991,60 Teatime Fairy Cake Cases,3,,0.55,15862.0,United Kingdom,False,False,,,,,,,1.6500000000000001,,Sale,False,Other
536401,22810,Set Of 6 T-Lights Snowmen,1,,2.95,15862.0,United Kingdom,False,False,,,,,,,2.95,,Sale,False,Home
536401,22809,Set Of 6 T-Lights Santa,1,,2.95,15862.0,United Kingdom,False,False,,,,,,,2.95,,Sale,False,Home
536401,22435,Set Of 9 Heart Shaped Balloons,2,,1.25,15862.0,United Kingdom,False,False,,,,,,,2.5,,Sale,False,Other
536401,20966,Sandwich Bath Sponge,3,,1.25,15862.0,United Kingdom,False,False,,,,,,,3.75,,Sale,False,Other
536401,20963,Apple Bath Sponge,1,,1.25,15862.0,United Kingdom,False,False,,,,,,,1.25,,Sale,False,Other
536401,20961,Strawberry Bath Sponge,1,,1.25,15862.0,United Kingdom,False,False,,,,,,,1.25,,Sale,False,Other
536401,22068,Black Pirate Treasure Chest,2,,1.65,15862.0,United Kingdom,False,False,,,,,,,3.3,,Sale,False,Other
536401,21743,Star Portable Table Light,2,,2.95,15862.0,United Kingdom,False,False,,,,,,,5.9,,Sale,False,Home
536401,21744,Snowflake Portable Table Light,2,,2.95,15862.0,United Kingdom,False,False,,,,,,,5.9,,Sale,False,Home
536401,84709B,Pink Oval Jewelled Mirror,1,,5.95,15862.0,United Kingdom,False,False,,,,,,,5.95,,Sale,False,Other
536401,21592,Retrospot Cigar Box Matches,1,,1.25,15862.0,United Kingdom,False,False,,,,,,,1.25,,Sale,False,Other
536401,21587,Cosy Hour Giant Tube Matches,2,,2.55,15862.0,United Kingdom,False,False,,,,,,,5.1,,Sale,False,Other
536401,20992,Jazz Hearts Purse Notebook,9,,0.85,15862.0,United Kingdom,False,False,,,,,,,7.6499999999999995,,Sale,False,Stationery
536401,22662,Lunch Bag Dolly Girl Design,1,,1.65,15862.0,United Kingdom,False,False,,,,,,,1.65,,Sale,False,Bags
536401,85123A,White Hanging Heart T-Light Holder,4,,2.95,15862.0,United Kingdom,False,False,,,,,,,11.8,,Sale,False,Home
536401,22804,Candleholder Pink Hanging Heart,3,,2.95,15862.0,United Kingdom,False,False,,,,,,,8.850000000000001,,Sale,False,Home
536401,82483,Wood 2 Drawer Cabinet White Finish,1,,5.95,15862.0,United Kingdom,False,False,,,,,,,5.95,,Sale,False,Other
536401,20749,Assorted Colour Mini Cases,1,,7.95,15862.0,United Kingdom,False,False,,,,,,,7.95,,Sale,False,Other
536401,20725,Lunch Bag Red Retrospot,1,,1.65,15862.0,United Kingdom,False,False,,,,,,,1.65,,Sale,False,Bags
536401,22382,Lunch Bag Spaceboy Design,2,,1.65,15862.0,United Kingdom,False,False,,,,,,,3.3,,Sale,False,Bags
536401,20726,Lunch Bag Woodland,1,,1.65,15862.0,United Kingdom,False,False,,,,,,,1.65,,Sale,False,Bags
536401,22384,Lunch Bag Pink Polkadot,1,,1.65,15862.0,United Kingdom,False,False,,,,,,,1.65,,Sale,False,Bags
536401,22467,Gumball Coat Rack,5,,2.55,15862.0,United Kingdom,False,False,,,,,,,12.75,,Sale,False,Other
536401,84625C,Blue New Baroque Candlestick Candle,3,,2.95,15862.0,United Kingdom,False,False,,,,,,,8.850000000000001,,Sale,False,Home
536401,84625A,Pink New Baroquecandlestick Candle,3,,2.95,15862.0,United Kingdom,False,False,,,,,,,8.850000000000001,,Sale,False,Home
536401,21108,Fairy Cake Flannel Assorted Colour,9,,2.55,15862.0,United Kingdom,False,False,,,,,,,22.95,,Sale,False,Other
536401,22848,Bread Bin Diner Style Pink,1,,16.95,15862.0,United Kingdom,False,False,,,,,,,16.95,,Sale,False,Other
536401,21033,Jumbo Bag Charlie And Lola Toys,4,,2.95,15862.0,United Kingdom,False,False,,,,,,,11.8,,Sale,False,Bags
536401,47570B,Tea Time Table Cloth,1,,10.65,15862.0,United Kingdom,False,False,,,,,,,10.65,,Sale,False,Other
536401,84030E,English Rose Hot Water Bottle,1,,4.25,15862.0,United Kingdom,False,False,,,,,,,4.25,,Sale,False,Other
536401,22428,Enamel Fire Bucket Cream,2,,6.95,15862.0,United Kingdom,False,False,,,,,,,13.9,,Sale,False,Other
536401,22502,Picnic Basket Wicker Small,2,,5.95,15862.0,United Kingdom,False,False,,,,,,,11.9,,Sale,False,Other
536402,22086,Paper Chain Kit 50'S Christmas,40,,2.55,15513.0,United Kingdom,False,False,,,,,,,102.0,,Sale,True,Stationery
536402,22910,Paper Chain Kit Vintage Christmas,40,,2.55,15513.0,United Kingdom,False,False,,,,,,,102.0,,Sale,True,Stationery
536402,22837,Hot Water Bottle Babushka,36,,4.25,15513.0,United Kingdom,False,False,,,,,,,153.0,,Sale,True,Other
536403,22867,Hand Warmer Bird Design,96,,1.85,12791.0,Netherlands,False,False,,,,,,,177.60000000000002,,Sale,False,Other
536403,POST,Postage,1,,15.0,12791.0,Netherlands,False,False,,,,,,,15.0,,Sale,False,Other
536404,22297,Heart Ivory Trellis Small,24,,1.25,16218.0,United Kingdom,False,False,,,,,,,30.0,,Sale,True,Other
536404,22771,Clear Drawer Knob Acrylic Edwardian,12,,1.25,16218.0,United Kingdom,False,False,,,,,,,15.0,,Sale,True,Other
536404,22772,Pink Drawer Knob Acrylic Edwardian,12,,1.25,16218.0,United Kingdom,False,False,,,,,,,15.0,,Sale,True,Other
536404,22773,Green Drawer Knob Acrylic Edwardian,12,,1.25,16218.0,United Kingdom,False,False,,,,,,,15.0,,Sale,True,Other
536404,22805,Blue Drawer Knob Acrylic Edwardian,12,,1.25,16218.0,United Kingdom,False,False,,,,,,,15.0,,Sale,True,Other
536404,22469,Heart Of Wicker Small,12,,1.65,16218.0,United Kingdom,False,False,,,,,,,19.799999999999997,,Sale,True,Other
536404,22197,Small Popcorn Holder,36,,0.85,16218.0,United Kingdom,False,False,,,,,,,30.599999999999998,,Sale,True,Home
536404,21125,Set 6 Football Celebration Candles,12,,1.25,16218.0,United Kingdom,False,False,,,,,,,15.0,,Sale,True,Home
536404,21126,Set Of 6 Girls Celebration Candles,12,,1.25,16218.0,United Kingdom,False,False,,,,,,,15.0,,Sale,True,Home
536404,85049C,Romantic Pinks Ribbons,12,,1.25,16218.0,United Kingdom,False,False,,,,,,,15.0,,Sale,True,Gift
536404,85049D,Bright Blues Ribbons,12,,1.25,16218.0,United Kingdom,False,False,,,,,,,15.0,,Sale,True,Gift
536404,85049E,Scandinavian Reds Ribbons,12,,1.25,16218.0,United Kingdom,False,False,,,,,,,15.0,,Sale,True,Gift
536404,85049G,Chocolate Box Ribbons,12,,1.25,16218.0,United Kingdom,False,False,,,,,,,15.0,,Sale,True,Gift
536404,21061,Party Invites Football,12,,0.85,16218.0,United Kingdom,False,False,,,,,,,10.2,,Sale,True,Other
536404,21063,Party Invites Jazz Hearts,12,,0.85,16218.0,United Kingdom,False,False,,,,,,,10.2,,Sale,True,Other
536404,21062,Party Invites Spaceman,12,,0.85,16218.0,United Kingdom,False,False,,,,,,,10.2,,Sale,True,Other
536404,84380,Set Of 3 Butterfly Cookie Cutters,12,,1.25,16218.0,United Kingdom,False,False,,,,,,,15.0,,Sale,True,Other
536404,84378,Set Of 3 Heart Cookie Cutters,12,,1.25,16218.0,United Kingdom,False,False,,,,,,,15.0,,Sale,True,Other
536404,22964,3 Piece Spaceboy Cookie Cutter Set,12,,2.1,16218.0,United Kingdom,False,False,,,,,,,25.200000000000003,,Sale,True,Other
536404,21213,Pack Of 72 Skull Cake Cases,24,,0.55,16218.0,United Kingdom,False,False,,,,,,,13.200000000000001,,Sale,True,Other
536404,22417,Pack Of 60 Spaceboy Cake Cases,24,,0.55,16218.0,United Kingdom,False,False,,,,,,,13.200000000000001,,Sale,True,Other
536404,21212,Pack Of 72 Retrospot Cake Cases,24,,0.55,16218.0,United Kingdom,False,False,,,,,,,13.200000000000001,,Sale,True,Other
536404,84992,72 Sweetheart Fairy Cake Cases,24,,0.55,16218.0,United Kingdom,False,False,,,,,,,13.200000000000001,,Sale,True,Other
536404,21975,Pack Of 60 Dinosaur Cake Cases,24,,0.55,16218.0,United Kingdom,False,False,,,,,,,13.200000000000001,,Sale,True,Other
536404,22383,Lunch Bag Suki Design,10,,1.65,16218.0,United Kingdom,False,False,,,,,,,16.5,,Sale,True,Bags
536404,20728,Lunch Bag Cars Blue,10,,1.65,16218.0,United Kingdom,False,False,,,,,,,16.5,,Sale,True,Bags
536404,20727,Lunch Bag Black Skull.,10,,1.65,16218.0,United Kingdom,False,False,,,,,,,16.5,,Sale,True,Bags
536404,22296,Heart Ivory Trellis Large,24,,1.65,16218.0,United Kingdom,False,False,,,,,,,39.599999999999994,,Sale,True,Other
536405,20914,Set/5 Red Retrospot Lid Glass Bowls,128,,2.55,14045.0,United Kingdom,False,False,,,,,,,326.4,,Sale,False,Kitchen
536406,85123A,White Hanging Heart T-Light Holder,8,,2.55,17850.0,United Kingdom,False,False,,,,,,,20.4,,Sale,True,Home
536406,71053,White Metal Lantern,8,,3.39,17850.0,United Kingdom,False,False,,,,,,,27.12,,Sale,True,Home
536406,84406B,Cream Cupid Hearts Coat Hanger,8,,2.75,17850.0,United Kingdom,False,False,,,,,,,22.0,,Sale,True,Other
536406,20679,Edwardian Parasol Red,6,,4.95,17850.0,United Kingdom,False,False,,,,,,,29.700000000000003,,Sale,True,Other
536406,37370,Retro Coffee Mugs Assorted,6,,1.06,17850.0,United Kingdom,False,False,,,,,,,6.36,,Sale,True,Kitchen
536406,21871,Save The Planet Mug,6,,1.06,17850.0,United Kingdom,False,False,,,,,,,6.36,,Sale,True,Kitchen
536406,21071,Vintage Billboard Drink Me Mug,6,,1.06,17850.0,United Kingdom,False,False,,,,,,,6.36,,Sale,True,Kitchen
536406,21068,Vintage Billboard Love/Hate Mug,6,,1.06,17850.0,United Kingdom,False,False,,,,,,,6.36,,Sale,True,Kitchen
536406,82483,Wood 2 Drawer Cabinet White Finish,4,,4.95,17850.0,United Kingdom,False,False,,,,,,,19.8,,Sale,True,Other
536406,82486,Wood S/3 Cabinet Ant White Finish,4,,6.95,17850.0,United Kingdom,False,False,,,,,,,27.8,,Sale,True,Other
536406,82482,Wooden Picture Frame White Finish,6,,2.1,17850.0,United Kingdom,False,False,,,,,,,12.600000000000001,,Sale,True,Other
536406,82494L,Wooden Frame Antique White,6,,2.55,17850.0,United Kingdom,False,False,,,,,,,15.299999999999999,,Sale,True,Other
536406,84029G,Knitted Union Flag Hot Water Bottle,6,,3.39,17850.0,United Kingdom,False,False,,,,,,,20.34,,Sale,True,Other
536406,84029E,Red Woolly Hottie White Heart.,6,,3.39,17850.0,United Kingdom,False,False,,,,,,,20.34,,Sale,True,Other
536406,22752,Set 7 Babushka Nesting Boxes,2,,7.65,17850.0,United Kingdom,False,False,,,,,,,15.3,,Sale,True,Other
536406,22803,Ivory Embroidered Quilt,2,,35.75,17850.0,United Kingdom,False,False,,,,,,,71.5,,Sale,True,Other
536406,21730,Glass Star Frosted T-Light Holder,6,,4.25,17850.0,United Kingdom,False,False,,,,,,,25.5,,Sale,True,Home
536407,22632,Hand Warmer Red Polka Dot,6,,1.85,17850.0,United Kingdom,False,False,,,,,,,11.100000000000001,,Sale,True,Other
536407,22633,Hand Warmer Union Jack,6,,1.85,17850.0,United Kingdom,False,False,,,,,,,11.100000000000001,,Sale,True,Other
536408,22537,Magic Drawing Slate Dinosaur,24,,0.42,14307.0,United Kingdom,False,False,,,,,,,10.08,,Sale,True,Other
536408,22533,Magic Drawing Slate Bake A Cake,24,,0.42,14307.0,United Kingdom,False,False,,,,,,,10.08,,Sale,True,Other
536408,20982,12 Pencils Tall Tube Skulls,12,,0.85,14307.0,United Kingdom,False,False,,,,,,,10.2,,Sale,True,Stationery
536408,21832,Chocolate Calculator,12,,1.65,14307.0,United Kingdom,False,False,,,,,,,19.799999999999997,,Sale,True,Other
536408,21915,Red Harmonica In Box,12,,1.25,14307.0,United Kingdom,False,False,,,,,,,15.0,,Sale,True,Other
536408,21914,Blue Harmonica In Box,12,,1.25,14307.0,United Kingdom,False,False,,,,,,,15.0,,Sale,True,Other
536408,21544,Skulls Water Transfer Tattoos,12,,0.85,14307.0,United Kingdom,False,False,,,,,,,10.2,,Sale,True,Other
536408,22813,Pack 3 Boxes Bird Pannetone,12,,1.95,14307.0,United Kingdom,False,False,,,,,,,23.4,,Sale,True,Other
536408,22114,Hot Water Bottle Tea And Sympathy,4,,3.95,14307.0,United Kingdom,False,False,,,,,,,15.8,,Sale,True,Other
536408,84029E,Red Woolly Hottie White Heart.,4,,3.75,14307.0,United Kingdom,False,False,,,,,,,15.0,,Sale,True,Other
536408,21479,White Skull Hot Water Bottle,4,,3.75,14307.0,United Kingdom,False,False,,,,,,,15.0,,Sale,True,Other
536408,22964,3 Piece Spaceboy Cookie Cutter Set,6,,2.1,14307.0,United Kingdom,False,False,,,,,,,12.600000000000001,,Sale,True,Other
536408,84375,Set Of 20 Kids Cookie Cutters,12,,2.1,14307.0,United Kingdom,False,False,,,,,,,25.200000000000003,,Sale,True,Other
536408,22418,10 Colour Spaceboy Pen,24,,0.85,14307.0,United Kingdom,False,False,,,,,,,20.4,,Sale,True,Stationery
536408,22178,Victorian Glass Hanging T-Light,12,,1.25,14307.0,United Kingdom,False,False,,,,,,,15.0,,Sale,True,Home
536408,84970L,Single Heart Zinc T-Light Holder,12,,0.95,14307.0,United Kingdom,False,False,,,,,,,11.399999999999999,,Sale,True,Home
536408,21733,Red Hanging Heart T-Light Holder,6,,2.95,14307.0,United Kingdom,False,False,,,,,,,17.700000000000003,,Sale,True,Home
536408,22465,Hanging Metal Star Lantern,12,,1.65,14307.0,United Kingdom,False,False,,,,,,,19.799999999999997,,Sale,True,Home
536408,84949,Silver Hanging T-Light Holder,6,,1.65,14307.0,United Kingdom,False,False,,,,,,,9.899999999999999,,Sale,True,Home
536408,20685,Doormat Red Retrospot,2,,7.95,14307.0,United Kingdom,False,False,,,,,,,15.9,,Sale,True,Other
536408,48194,Doormat Hearts,2,,7.95,14307.0,United Kingdom,False,False,,,,,,,15.9,,Sale,True,Other
536408,22488,Natural Slate Rectangle Chalkboard,12,,1.65,14307.0,United Kingdom,False,False,,,,,,,19.799999999999997,,Sale,True,Other
536408,22219,Lovebird Hanging Decoration White,12,,0.85,14307.0,United Kingdom,False,False,,,,,,,10.2,,Sale,True,Other
536408,84879,Assorted Colour Bird Ornament,8,,1.69,14307.0,United Kingdom,False,False,,,,,,,13.52,,Sale,True,Other
536408,21754,Home Building Block Word,3,,5.95,14307.0,United Kingdom,False,False,,,,,,,17.85,,Sale,True,Other
536408,21755,Love Building Block Word,3,,5.95,14307.0,United Kingdom,False,False,,,,,,,17.85,,Sale,True,Other
536408,22766,Photo Frame Cornice,8,,2.95,14307.0,United Kingdom,False,False,,,,,,,23.6,,Sale,True,Other
536408,22610,Pens Assorted Funny Face,36,,0.85,14307.0,United Kingdom,False,False,,,,,,,30.599999999999998,,Sale,True,Stationery
536408,22716,Card Circus Parade,12,,0.42,14307.0,United Kingdom,False,False,,,,,,,5.04,,Sale,True,Gift
536408,22706,Wrap Cowboys,25,,0.42,14307.0,United Kingdom,False,False,,,,,,,10.5,,Sale,True,Gift
536408,22371,Airline Bag Vintage Tokyo 78,4,,4.25,14307.0,United Kingdom,False,False,,,,,,,17.0,,Sale,True,Bags
536408,85014B,Red Retrospot Umbrella,3,,5.95,14307.0,United Kingdom,False,False,,,,,,,17.85,,Sale,True,Other
536408,85014A,Black/Blue Polkadot Umbrella,3,,5.95,14307.0,United Kingdom,False,False,,,,,,,17.85,,Sale,True,Other
536408,84997B,Red 3 Piece Retrospot Cutlery Set,6,,3.75,14307.0,United Kingdom,False,False,,,,,,,22.5,,Sale,True,Other
536408,21212,Pack Of 72 Retrospot Cake Cases,24,,0.55,14307.0,United Kingdom,False,False,,,,,,,13.200000000000001,,Sale,True,Other
536408,21210,Set Of 72 Retrospot Paper Doilies,12,,1.45,14307.0,United Kingdom,False,False,,,,,,,17.4,,Sale,True,Stationery
536408,22914,Blue Coat Rack Paris Fashion,3,,4.95,14307.0,United Kingdom,False,False,,,,,,,14.850000000000001,,Sale,True,Other
536408,22553,Plasters In Tin Skulls,12,,1.65,14307.0,United Kingdom,False,False,,,,,,,19.799999999999997,,Sale,True,Other
536408,16237,Sleeping Cat Erasers,30,,0.21,14307.0,United Kingdom,False,False,,,,,,,6.3,,Sale,True,Other
536408,22714,Card Birthday Cowboy,12,,0.42,14307.0,United Kingdom,False,False,,,,,,,5.04,,Sale,True,Gift
536408,22812,Pack 3 Boxes Christmas Pannetone,12,,1.95,14307.0,United Kingdom,False,False,,,,,,,23.4,,Sale,True,Other
536408,84347,Rotating Silver Angels T-Light Hldr,6,,2.55,14307.0,United Kingdom,False,False,,,,,,,15.299999999999999,,Sale,True,Home
536408,21587,Cosy Hour Giant Tube Matches,12,,2.55,14307.0,United Kingdom,False,False,,,,,,,30.599999999999998,,Sale,True,Other
536408,22736,Ribbon Reel Making Snowmen,10,,1.65,14307.0,United Kingdom,False,False,,,,,,,16.5,,Sale,True,Gift
536408,22492,Mini Paint Set Vintage,36,,0.65,14307.0,United Kingdom,False,False,,,,,,,23.400000000000002,,Sale,True,Other
536408,22620,4 Traditional Spinning Tops,12,,1.25,14307.0,United Kingdom,False,False,,,,,,,15.0,,Sale,True,Other
536408,22619,Set Of 6 Soldier Skittles,4,,3.75,14307.0,United Kingdom,False,False,,,,,,,15.0,,Sale,True,Other
536408,21705,Bag 500G Swirly Marbles,12,,1.65,14307.0,United Kingdom,False,False,,,,,,,19.799999999999997,,Sale,True,Bags
536409,90199C,5 Strand Glass Necklace Crystal,3,,6.35,17908.0,United Kingdom,False,False,,,,,,,19.049999999999997,,Sale,False,Kitchen
536409,21479,White Skull Hot Water Bottle,1,,3.75,17908.0,United Kingdom,False,False,,,,,,,3.75,,Sale,False,Other
536409,22111,Scottie Dog Hot Water Bottle,1,,4.95,17908.0,United Kingdom,False,False,,,,,,,4.95,,Sale,False,Other
536409,22785,Squarecushion Cover Pink Union Flag,1,,6.75,17908.0,United Kingdom,False,False,,,,,,,6.75,,Sale,False,Home
536409,22975,Spaceboy Childrens Egg Cup,1,,1.25,17908.0,United Kingdom,False,False,,,,,,,1.25,,Sale,False,Other
536409,22972,Children'S Spaceboy Mug,1,,1.65,17908.0,United Kingdom,False,False,,,,,,,1.65,,Sale,False,Kitchen
536409,22866,Hand Warmer Scotty Dog Design,1,,2.1,17908.0,United Kingdom,False,False,,,,,,,2.1,,Sale,False,Other
536409,22568,Feltcraft Cushion Owl,1,,3.75,17908.0,United Kingdom,False,False,,,,,,,3.75,,Sale,False,Home
536409,85116,Black Candelabra T-Light Holder,1,,2.1,17908.0,United Kingdom,False,False,,,,,,,2.1,,Sale,False,Home
536409,22664,Toy Tidy Dolly Girl Design,1,,2.1,17908.0,United Kingdom,False,False,,,,,,,2.1,,Sale,False,Toys
536409,21609,Set 12 Lavender Botanical T-Lights,1,,2.95,17908.0,United Kingdom,False,False,,,,,,,2.95,,Sale,False,Home
536409,21866,Union Jack Flag Luggage Tag,1,,1.25,17908.0,United Kingdom,False,False,,,,,,,1.25,,Sale,False,Other
536409,20669,Red Heart Luggage Tag,1,,1.25,17908.0,United Kingdom,False,False,,,,,,,1.25,,Sale,False,Other
536409,90129F,Red Glass Tassle Bag Charm,1,,2.95,17908.0,United Kingdom,False,False,,,,,,,2.95,,Sale,False,Bags
536409,90210B,Clear Acrylic Faceted Bangle,1,,2.95,17908.0,United Kingdom,False,False,,,,,,,2.95,,Sale,False,Other
536409,90199C,5 Strand Glass Necklace Crystal,1,,6.35,17908.0,United Kingdom,False,False,,,,,,,6.35,,Sale,False,Kitchen
536409,21955,Doormat Union Jack Guns And Roses,1,,7.95,17908.0,United Kingdom,False,False,,,,,,,7.95,,Sale,False,Other
536409,72802C,Vanilla Scent Candle Jewelled Box,1,,4.25,17908.0,United Kingdom,False,False,,,,,,,4.25,,Sale,False,Home
536409,22109,Full English Breakfast Plate,1,,3.75,17908.0,United Kingdom,False,False,,,,,,,3.75,,Sale,False,Kitchen
536409,85116,Black Candelabra T-Light Holder,5,,2.1,17908.0,United Kingdom,False,False,,,,,,,10.5,,Sale,False,Home
536409,22531,Magic Drawing Slate Circus Parade,1,,0.42,17908.0,United Kingdom,False,False,,,,,,,0.42,,Sale,False,Other
536409,21811,Christmas Hanging Heart With Bell,1,,1.25,17908.0,United Kingdom,False,False,,,,,,,1.25,,Sale,False,Other
536409,22183,Cake Stand Victorian Filigree Med,1,,6.75,17908.0,United Kingdom,False,False,,,,,,,6.75,,Sale,False,Other
536409,21678,Paisley Pattern Stickers,6,,0.85,17908.0,United Kingdom,False,False,,,,,,,5.1,,Sale,False,Other
536409,21676,Flowers Stickers,6,,0.85,17908.0,United Kingdom,False,False,,,,,,,5.1,,Sale,False,Other
536409,84625A,Pink New Baroquecandlestick Candle,1,,2.95,17908.0,United Kingdom,False,False,,,,,,,2.95,,Sale,False,Home
536409,84625C,Blue New Baroque Candlestick Candle,3,,2.95,17908.0,United Kingdom,False,False,,,,,,,8.850000000000001,,Sale,False,Home
536409,21931,Jumbo Storage Bag Suki,2,,1.95,17908.0,United Kingdom,False,False,,,,,,,3.9,,Sale,False,Bags
536409,85169B,Black Love Bird Candle,12,,1.25,17908.0,United Kingdom,False,False,,,,,,,15.0,,Sale,False,Home
536409,16238,Party Time Pencil Erasers,28,,0.21,17908.0,United Kingdom,False,False,,,,,,,5.88,,Sale,False,Stationery
536409,20668,Disco Ball Christmas Decoration,24,,0.12,17908.0,United Kingdom,False,False,,,,,,,2.88,,Sale,False,Other
536409,84906,Pink B'Fly C/Cover W Bobbles,1,,5.95,17908.0,United Kingdom,False,False,,,,,,,5.95,,Sale,False,Other
536409,21867,Pink Union Jack Luggage Tag,1,,1.25,17908.0,United Kingdom,False,False,,,,,,,1.25,,Sale,False,Other
536409,22075,6 Ribbons Elegant Christmas,1,,1.65,17908.0,United Kingdom,False,False,,,,,,,1.65,,Sale,False,Gift
536409,21326,Aged Glass Silver T-Light Holder,12,,0.65,17908.0,United Kingdom,False,False,,,,,,,7.800000000000001,,Sale,False,Home
536409,21065,Boom Box Speaker Girls,1,,5.95,17908.0,United Kingdom,False,False,,,,,,,5.95,,Sale,False,Other
536409,22074,6 Ribbons Shimmering Pinks,1,,1.65,17908.0,United Kingdom,False,False,,,,,,,1.65,,Sale,False,Gift
536409,22900,Set 2 Tea Towels I Love London,1,,2.95,17908.0,United Kingdom,False,False,,,,,,,2.95,,Sale,False,Other
536409,20713,Jumbo Bag Owls,1,,1.95,17908.0,United Kingdom,False,False,,,,,,,1.95,,Sale,False,Bags
536409,20966,Sandwich Bath Sponge,2,,1.25,17908.0,United Kingdom,False,False,,,,,,,2.5,,Sale,False,Other
536409,21116,Owl Doorstop,1,,4.95,17908.0,United Kingdom,False,False,,,,,,,4.95,,Sale,False,Other
536409,90199C,5 Strand Glass Necklace Crystal,2,,6.35,17908.0,United Kingdom,False,False,,,,,,,12.7,,Sale,False,Kitchen
536409,22633,Hand Warmer Union Jack,1,,2.1,17908.0,United Kingdom,False,False,,,,,,,2.1,,Sale,False,Other
536409,22198,Large Popcorn Holder,1,,1.65,17908.0,United Kingdom,False,False,,,,,,,1.65,,Sale,False,Home
536409,21824,Painted Metal Star With Holly Bells,3,,1.45,17908.0,United Kingdom,False,False,,,,,,,4.35,,Sale,False,Other
536409,21823,Painted Metal Heart With Holly Bell,3,,1.45,17908.0,United Kingdom,False,False,,,,,,,4.35,,Sale,False,Other
536409,22153,Angel Decoration Stars On Dress,6,,0.42,17908.0,United Kingdom,False,False,,,,,,,2.52,,Sale,False,Other
536409,22197,Small Popcorn Holder,2,,0.85,17908.0,United Kingdom,False,False,,,,,,,1.7,,Sale,False,Home
536409,85099B,Jumbo Bag Red Retrospot,2,,1.95,17908.0,United Kingdom,False,False,,,,,,,3.9,,Sale,False,Bags
536409,85099F,Jumbo Bag Strawberry,1,,1.95,17908.0,United Kingdom,False,False,,,,,,,1.95,,Sale,False,Bags
536409,20717,Strawberry Shopper Bag,1,,1.25,17908.0,United Kingdom,False,False,,,,,,,1.25,,Sale,False,Bags
536409,20723,Strawberry Charlotte Bag,1,,0.85,17908.0,United Kingdom,False,False,,,,,,,0.85,,Sale,False,Bags
536409,21980,Pack Of 12 Red Retrospot Tissues,12,,0.29,17908.0,United Kingdom,False,False,,,,,,,3.4799999999999995,,Sale,False,Other
536409,22112,Chocolate Hot Water Bottle,1,,4.95,17908.0,United Kingdom,False,False,,,,,,,4.95,,Sale,False,Other
536412,20728,Lunch Bag Cars Blue,3,,1.65,17920.0,United Kingdom,False,False,,,,,,,4.949999999999999,,Sale,True,Bags
536412,22382,Lunch Bag Spaceboy Design,3,,1.65,17920.0,United Kingdom,False,False,,,,,,,4.949999999999999,,Sale,True,Bags
536412,22326,Round Snack Boxes Set Of4 Woodland,1,,2.95,17920.0,United Kingdom,False,False,,,,,,,2.95,,Sale,True,Other
536412,22662,Lunch Bag Dolly Girl Design,4,,1.65,17920.0,United Kingdom,False,False,,,,,,,6.6,,Sale,True,Bags
536412,22383,Lunch Bag Suki Design,3,,1.65,17920.0,United Kingdom,False,False,,,,,,,4.949999999999999,,Sale,True,Bags
536412,20727,Lunch Bag Black Skull.,3,,1.65,17920.0,United Kingdom,False,False,,,,,,,4.949999999999999,,Sale,True,Bags
536412,22328,Round Snack Boxes Set Of 4 Fruits,1,,2.95,17920.0,United Kingdom,False,False,,,,,,,2.95,,Sale,True,Other
536412,22327,Round Snack Boxes Set Of 4 Skulls,1,,2.95,17920.0,United Kingdom,False,False,,,,,,,2.95,,Sale,True,Other
536412,22630,Dolly Girl Lunch Box,1,,1.95,17920.0,United Kingdom,False,False,,,,,,,1.95,,Sale,True,Toys
536412,22629,Spaceboy Lunch Box,1,,1.95,17920.0,United Kingdom,False,False,,,,,,,1.95,,Sale,True,Other
536412,21245,Green Polkadot Plate,1,,1.69,17920.0,United Kingdom,False,False,,,,,,,1.69,,Sale,True,Kitchen
536412,21244,Blue Polkadot Plate,1,,1.69,17920.0,United Kingdom,False,False,,,,,,,1.69,,Sale,True,Kitchen
536412,21242,Red Retrospot Plate,1,,1.69,17920.0,United Kingdom,False,False,,,,,,,1.69,,Sale,True,Kitchen
536412,21243,Pink Polkadot Plate,1,,1.69,17920.0,United Kingdom,False,False,,,,,,,1.69,,Sale,True,Kitchen
536412,22273,Feltcraft Doll Molly,1,,2.95,17920.0,United Kingdom,False,False,,,,,,,2.95,,Sale,True,Toys
536412,22940,Feltcraft Christmas Fairy,3,,4.25,17920.0,United Kingdom,False,False,,,,,,,12.75,,Sale,True,Other
536412,22652,Travel Sewing Kit,5,,1.65,17920.0,United Kingdom,False,False,,,,,,,8.25,,Sale,True,Other
536412,22759,Set Of 3 Notebooks In Parcel,1,,1.65,17920.0,United Kingdom,False,False,,,,,,,1.65,,Sale,True,Stationery
536412,21880,Red Retrospot Tape,10,,0.65,17920.0,United Kingdom,False,False,,,,,,,6.5,,Sale,True,Other
536412,21738,Cosy Slipper Shoes Small Red,1,,2.95,17920.0,United Kingdom,False,False,,,,,,,2.95,,Sale,True,Other
536412,22077,6 Ribbons Rustic Charm,1,,1.65,17920.0,United Kingdom,False,False,,,,,,,1.65,,Sale,True,Gift
536412,85049E,Scandinavian Reds Ribbons,3,,1.25,17920.0,United Kingdom,False,False,,,,,,,3.75,,Sale,True,Gift
536412,22961,Jam Making Set Printed,24,,1.45,17920.0,United Kingdom,False,False,,,,,,,34.8,,Sale,True,Other
536412,21448,12 Daisy Pegs In Wood Box,2,,1.65,17920.0,United Kingdom,False,False,,,,,,,3.3,,Sale,True,Other
536412,22837,Hot Water Bottle Babushka,3,,4.65,17920.0,United Kingdom,False,False,,,,,,,13.950000000000001,,Sale,True,Other
536412,22749,Feltcraft Princess Charlotte Doll,2,,3.75,17920.0,United Kingdom,False,False,,,,,,,7.5,,Sale,True,Toys
536412,22940,Feltcraft Christmas Fairy,1,,4.25,17920.0,United Kingdom,False,False,,,,,,,4.25,,Sale,True,Other
536412,22749,Feltcraft Princess Charlotte Doll,1,,3.75,17920.0,United Kingdom,False,False,,,,,,,3.75,,Sale,True,Toys
536412,22077,6 Ribbons Rustic Charm,2,,1.65,17920.0,United Kingdom,False,False,,,,,,,3.3,,Sale,True,Gift
536412,21738,Cosy Slipper Shoes Small Red,2,,2.95,17920.0,United Kingdom,False,False,,,,,,,5.9,,Sale,True,Other
536412,85049E,Scandinavian Reds Ribbons,1,,1.25,17920.0,United Kingdom,False,False,,,,,,,1.25,,Sale,True,Gift
536412,22243,5 Hook Hanger Red Magic Toadstool,6,,1.65,17920.0,United Kingdom,False,False,,,,,,,9.899999999999999,,Sale,True,Other
536412,22141,Christmas Craft Tree Top Angel,1,,2.1,17920.0,United Kingdom,False,False,,,,,,,2.1,,Sale,True,Other
536412,22144,Christmas Craft Little Friends,2,,2.1,17920.0,United Kingdom,False,False,,,,,,,4.2,,Sale,True,Other
536412,22243,5 Hook Hanger Red Magic Toadstool,3,,1.65,17920.0,United Kingdom,False,False,,,,,,,4.949999999999999,,Sale,True,Other
536412,22077,6 Ribbons Rustic Charm,7,,1.65,17920.0,United Kingdom,False,False,,,,,,,11.549999999999999,,Sale,True,Gift
536412,21448,12 Daisy Pegs In Wood Box,1,,1.65,17920.0,United Kingdom,False,False,,,,,,,1.65,,Sale,True,Other
536412,22759,Set Of 3 Notebooks In Parcel,5,,1.65,17920.0,United Kingdom,False,False,,,,,,,8.25,,Sale,True,Stationery
536412,22242,5 Hook Hanger Magic Toadstool,5,,1.65,17920.0,United Kingdom,False,False,,,,,,,8.25,,Sale,True,Other
536412,85049E,Scandinavian Reds Ribbons,12,,1.25,17920.0,United Kingdom,False,False,,,,,,,15.0,,Sale,True,Gift
536412,21731,Red Toadstool Led Night Light,5,,1.65,17920.0,United Kingdom,False,False,,,,,,,8.25,,Sale,True,Home
536412,22243,5 Hook Hanger Red Magic Toadstool,1,,1.65,17920.0,United Kingdom,False,False,,,,,,,1.65,,Sale,True,Other
536412,21739,Cosy Slipper Shoes Small Green,2,,2.95,17920.0,United Kingdom,False,False,,,,,,,5.9,,Sale,True,Other
536412,21738,Cosy Slipper Shoes Small Red,5,,2.95,17920.0,United Kingdom,False,False,,,,,,,14.75,,Sale,True,Other
536412,22271,Feltcraft Doll Rosie,2,,2.95,17920.0,United Kingdom,False,False,,,,,,,5.9,,Sale,True,Toys
536412,22274,Feltcraft Doll Emily,2,,2.95,17920.0,United Kingdom,False,False,,,,,,,5.9,,Sale,True,Toys
536412,22751,Feltcraft Princess Olivia Doll,2,,3.75,17920.0,United Kingdom,False,False,,,,,,,7.5,,Sale,True,Toys
536412,21034,Rex Cash+Carry Jumbo Shopper,1,,0.95,17920.0,United Kingdom,False,False,,,,,,,0.95,,Sale,True,Other
536412,22273,Feltcraft Doll Molly,2,,2.95,17920.0,United Kingdom,False,False,,,,,,,5.9,,Sale,True,Toys
536412,22568,Feltcraft Cushion Owl,3,,3.75,17920.0,United Kingdom,False,False,,,,,,,11.25,,Sale,True,Home
536412,22144,Christmas Craft Little Friends,1,,2.1,17920.0,United Kingdom,False,False,,,,,,,2.1,,Sale,True,Other
536412,22570,Feltcraft Cushion Rabbit,3,,3.75,17920.0,United Kingdom,False,False,,,,,,,11.25,,Sale,True,Home
536412,22569,Feltcraft Cushion Butterfly,2,,3.75,17920.0,United Kingdom,False,False,,,,,,,7.5,,Sale,True,Home
536412,22086,Paper Chain Kit 50'S Christmas,1,,2.95,17920.0,United Kingdom,False,False,,,,,,,2.95,,Sale,True,Stationery
536412,22968,Rose Cottage Keepsake Box,4,,9.95,17920.0,United Kingdom,False,False,,,,,,,39.8,,Sale,True,Other
536412,22902,Tote Bag I Love London,7,,2.1,17920.0,United Kingdom,False,False,,,,,,,14.700000000000001,,Sale,True,Bags
536412,21710,Folding Umbrella Pinkwhite Polkadot,1,,4.95,17920.0,United Kingdom,False,False,,,,,,,4.95,,Sale,True,Other
536412,21708,Folding Umbrella Cream Polkadot,1,,4.95,17920.0,United Kingdom,False,False,,,,,,,4.95,,Sale,True,Other
536412,21711,Folding Umbrella White/Red Polkadot,1,,4.95,17920.0,United Kingdom,False,False,,,,,,,4.95,,Sale,True,Other
536412,22179,Set 10 Lights Night Owl,2,,6.75,17920.0,United Kingdom,False,False,,,,,,,13.5,,Sale,True,Home
536412,22197,Small Popcorn Holder,5,,0.85,17920.0,United Kingdom,False,False,,,,,,,4.25,,Sale,True,Home
536412,22900,Set 2 Tea Towels I Love London,2,,2.95,17920.0,United Kingdom,False,False,,,,,,,5.9,,Sale,True,Other
536412,21706,Folding Umbrella Red/White Polkadot,1,,4.95,17920.0,United Kingdom,False,False,,,,,,,4.95,,Sale,True,Other
536412,22468,Babushka Lights String Of 10,2,,6.75,17920.0,United Kingdom,False,False,,,,,,,13.5,,Sale,True,Home
536412,20725,Lunch Bag Red Retrospot,1,,1.65,17920.0,United Kingdom,False,False,,,,,,,1.65,,Sale,True,Bags
536412,85184C,S/4 Valentine Decoupage Heart Box,1,,2.95,17920.0,United Kingdom,False,False,,,,,,,2.95,,Sale,True,Other
536412,22988,Soldiers Egg Cup,6,,1.25,17920.0,United Kingdom,False,False,,,,,,,7.5,,Sale,True,Other
536412,20750,Red Retrospot Mini Cases,1,,7.95,17920.0,United Kingdom,False,False,,,,,,,7.95,,Sale,True,Other
536415,22952,60 Cake Cases Vintage Christmas,10,,0.55,12838.0,United Kingdom,False,False,,,,,,,5.5,,Sale,False,Other
536415,22910,Paper Chain Kit Vintage Christmas,5,,2.95,12838.0,United Kingdom,False,False,,,,,,,14.75,,Sale,False,Stationery
536415,22739,Ribbon Reel Christmas Sock Bauble,3,,1.65,12838.0,United Kingdom,False,False,,,,,,,4.949999999999999,,Sale,False,Gift
536415,22738,Ribbon Reel Snowy Village,3,,1.65,12838.0,United Kingdom,False,False,,,,,,,4.949999999999999,,Sale,False,Gift
536415,22736,Ribbon Reel Making Snowmen,3,,1.65,12838.0,United Kingdom,False,False,,,,,,,4.949999999999999,,Sale,False,Gift
536415,22909,Set Of 20 Vintage Christmas Napkins,5,,0.85,12838.0,United Kingdom,False,False,,,,,,,4.25,,Sale,False,Other
536415,35591T,Turquoise Christmas Tree,2,,1.25,12838.0,United Kingdom,False,False,,,,,,,2.5,,Sale,False,Other
536415,22186,Red Star Card Holder,5,,2.95,12838.0,United Kingdom,False,False,,,,,,,14.75,,Sale,False,Home
536415,22695,Wicker Wreath Small,3,,1.45,12838.0,United Kingdom,False,False,,,,,,,4.35,,Sale,False,Other
536415,22470,Heart Of Wicker Large,1,,2.95,12838.0,United Kingdom,False,False,,,,,,,2.95,,Sale,False,Other
536415,22580,Advent Calendar Gingham Sack,1,,5.95,12838.0,United Kingdom,False,False,,,,,,,5.95,,Sale,False,Other
536415,22469,Heart Of Wicker Small,5,,1.65,12838.0,United Kingdom,False,False,,,,,,,8.25,,Sale,False,Other
536415,22147,Feltcraft Butterfly Hearts,4,,1.45,12838.0,United Kingdom,False,False,,,,,,,5.8,,Sale,False,Other
536415,22130,Party Cone Christmas Decoration,6,,0.85,12838.0,United Kingdom,False,False,,,,,,,5.1,,Sale,False,Other
536415,21791,Vintage Heads And Tails Card Game,3,,1.25,12838.0,United Kingdom,False,False,,,,,,,3.75,,Sale,False,Gift
536415,22694,Wicker Star,5,,2.1,12838.0,United Kingdom,False,False,,,,,,,10.5,,Sale,False,Other
536415,21790,Vintage Snap Cards,3,,0.85,12838.0,United Kingdom,False,False,,,,,,,2.55,,Sale,False,Gift
536415,22149,Feltcraft 6 Flower Friends,4,,2.1,12838.0,United Kingdom,False,False,,,,,,,8.4,,Sale,False,Other
536415,22900,Set 2 Tea Towels I Love London,3,,2.95,12838.0,United Kingdom,False,False,,,,,,,8.850000000000001,,Sale,False,Other
536415,22961,Jam Making Set Printed,3,,1.45,12838.0,United Kingdom,False,False,,,,,,,4.35,,Sale,False,Other
536415,22321,Bird Decoration Red Retrospot,12,,0.85,12838.0,United Kingdom,False,False,,,,,,,10.2,,Sale,False,Other
536415,22594,Christmas Gingham Tree,5,,0.85,12838.0,United Kingdom,False,False,,,,,,,4.25,,Sale,False,Other
536415,22593,Christmas Gingham Star,4,,0.85,12838.0,United Kingdom,False,False,,,,,,,3.4,,Sale,False,Other
536415,22595,Christmas Gingham Heart,6,,0.85,12838.0,United Kingdom,False,False,,,,,,,5.1,,Sale,False,Other
536415,21986,Pack Of 12 Pink Polkadot Tissues,12,,0.29,12838.0,United Kingdom,False,False,,,,,,,3.4799999999999995,,Sale,False,Other
536415,22750,Feltcraft Princess Lola Doll,2,,3.75,12838.0,United Kingdom,False,False,,,,,,,7.5,,Sale,False,Toys
536415,22616,Pack Of 12 London Tissues,12,,0.29,12838.0,United Kingdom,False,False,,,,,,,3.4799999999999995,,Sale,False,Other
536415,22775,Purple Drawerknob Acrylic Edwardian,1,,1.25,12838.0,United Kingdom,False,False,,,,,,,1.25,,Sale,False,Other
536415,22899,Children'S Apron Dolly Girl,2,,2.1,12838.0,United Kingdom,False,False,,,,,,,4.2,,Sale,False,Toys
536415,22367,Childrens Apron Spaceboy Design,3,,1.95,12838.0,United Kingdom,False,False,,,,,,,5.85,,Sale,False,Other
536415,22942,Christmas Lights 10 Santas,3,,8.5,12838.0,United Kingdom,False,False,,,,,,,25.5,,Sale,False,Home
536415,22941,Christmas Lights 10 Reindeer,3,,8.5,12838.0,United Kingdom,False,False,,,,,,,25.5,,Sale,False,Home
536415,22086,Paper Chain Kit 50'S Christmas,6,,2.95,12838.0,United Kingdom,False,False,,,,,,,17.700000000000003,,Sale,False,Stationery
536415,22940,Feltcraft Christmas Fairy,2,,4.25,12838.0,United Kingdom,False,False,,,,,,,8.5,,Sale,False,Other
536415,21212,Pack Of 72 Retrospot Cake Cases,2,,0.55,12838.0,United Kingdom,False,False,,,,,,,1.1,,Sale,False,Other
536415,21976,Pack Of 60 Mushroom Cake Cases,2,,0.55,12838.0,United Kingdom,False,False,,,,,,,1.1,,Sale,False,Other
536415,22951,60 Cake Cases Dolly Girl Design,2,,0.55,12838.0,United Kingdom,False,False,,,,,,,1.1,,Sale,False,Toys
536415,21977,Pack Of 60 Pink Paisley Cake Cases,3,,0.55,12838.0,United Kingdom,False,False,,,,,,,1.6500000000000001,,Sale,False,Other
536415,22834,Hand Warmer Babushka Design,3,,2.1,12838.0,United Kingdom,False,False,,,,,,,6.300000000000001,,Sale,False,Other
536415,22867,Hand Warmer Bird Design,3,,2.1,12838.0,United Kingdom,False,False,,,,,,,6.300000000000001,,Sale,False,Other
536415,22865,Hand Warmer Owl Design,3,,2.1,12838.0,United Kingdom,False,False,,,,,,,6.300000000000001,,Sale,False,Other
536415,22632,Hand Warmer Red Retrospot,3,,2.1,12838.0,United Kingdom,False,False,,,,,,,6.300000000000001,,Sale,False,Other
536415,21916,Set 12 Retro White Chalk Sticks,2,,0.42,12838.0,United Kingdom,False,False,,,,,,,0.84,,Sale,False,Other
536415,22587,Feltcraft Hairband Red And Blue,4,,0.85,12838.0,United Kingdom,False,False,,,,,,,3.4,,Sale,False,Other
536415,22566,Feltcraft Hairband Pink And Purple,3,,0.85,12838.0,United Kingdom,False,False,,,,,,,2.55,,Sale,False,Other
536415,22565,Feltcraft Hairbands Pink And White,3,,0.85,12838.0,United Kingdom,False,False,,,,,,,2.55,,Sale,False,Other
536415,22472,Tv Dinner Tray Dolly Girl,2,,4.95,12838.0,United Kingdom,False,False,,,,,,,9.9,,Sale,False,Toys
536415,22557,Plasters In Tin Vintage Paisley,3,,1.65,12838.0,United Kingdom,False,False,,,,,,,4.949999999999999,,Sale,False,Other
536415,22551,Plasters In Tin Spaceboy,3,,1.65,12838.0,United Kingdom,False,False,,,,,,,4.949999999999999,,Sale,False,Other
536415,22554,Plasters In Tin Woodland Animals,3,,1.65,12838.0,United Kingdom,False,False,,,,,,,4.949999999999999,,Sale,False,Other
536415,22534,Magic Drawing Slate Spaceboy,3,,0.42,12838.0,United Kingdom,False,False,,,,,,,1.26,,Sale,False,Other
536415,22531,Magic Drawing Slate Circus Parade,3,,0.42,12838.0,United Kingdom,False,False,,,,,,,1.26,,Sale,False,Other
536415,22529,Magic Drawing Slate Go To The Fair,3,,0.42,12838.0,United Kingdom,False,False,,,,,,,1.26,,Sale,False,Other
536415,22530,Magic Drawing Slate Dolly Girl,3,,0.42,12838.0,United Kingdom,False,False,,,,,,,1.26,,Sale,False,Toys
536415,84032B,Charlie + Lola Red Hot Water Bottle,3,,2.95,12838.0,United Kingdom,False,False,,,,,,,8.850000000000001,,Sale,False,Other
536415,22837,Hot Water Bottle Babushka,3,,4.65,12838.0,United Kingdom,False,False,,,,,,,13.950000000000001,,Sale,False,Other
536415,85049H,Urban Black Ribbons,2,,1.25,12838.0,United Kingdom,False,False,,,,,,,2.5,,Sale,False,Gift
536415,22749,Feltcraft Princess Charlotte Doll,2,,3.75,12838.0,United Kingdom,False,False,,,,,,,7.5,,Sale,False,Toys
536415,22807,Set Of 6 T-Lights Toadstools,12,,2.95,12838.0,United Kingdom,False,False,,,,,,,35.400000000000006,,Sale,False,Home
536416,21494,Rotating Leaves T-Light Holder,12,,1.25,13255.0,United Kingdom,False,False,,,,,,,15.0,,Sale,False,Home
536416,21915,Red Harmonica In Box,72,,1.25,13255.0,United Kingdom,False,False,,,,,,,90.0,,Sale,False,Other
536416,22938,Cupcake Lace Paper Set 6,12,,1.95,13255.0,United Kingdom,False,False,,,,,,,23.4,,Sale,False,Stationery
536416,22768,Family Photo Frame Cornice,4,,9.95,13255.0,United Kingdom,False,False,,,,,,,39.8,,Sale,False,Other
536416,22767,Triple Photo Frame Cornice,4,,9.95,13255.0,United Kingdom,False,False,,,,,,,39.8,,Sale,False,Other
536416,82494L,Wooden Frame Antique White,6,,2.95,13255.0,United Kingdom,False,False,,,,,,,17.700000000000003,,Sale,False,Other
536420,21889,Wooden Box Of Dominoes,12,,1.25,16583.0,United Kingdom,False,False,,,,,,,15.0,,Sale,False,Other
536420,21892,Traditional Wooden Catch Cup Game,12,,1.25,16583.0,United Kingdom,False,False,,,,,,,15.0,,Sale,False,Other
536420,21891,Traditional Wooden Skipping Rope,12,,1.25,16583.0,United Kingdom,False,False,,,,,,,15.0,,Sale,False,Other
536420,21890,S/6 Wooden Skittles In Cotton Bag,6,,2.95,16583.0,United Kingdom,False,False,,,,,,,17.700000000000003,,Sale,False,Bags
536420,21718,Red Metal Beach Spade,12,,1.25,16583.0,United Kingdom,False,False,,,,,,,15.0,,Sale,False,Other
536420,21716,Boys Vintage Tin Seaside Bucket,8,,2.55,16583.0,United Kingdom,False,False,,,,,,,20.4,,Sale,False,Other
536420,21715,Girls Vintage Tin Seaside Bucket,8,,2.55,16583.0,United Kingdom,False,False,,,,,,,20.4,,Sale,False,Other
536420,22113,Grey Heart Hot Water Bottle,4,,3.75,16583.0,United Kingdom,False,False,,,,,,,15.0,,Sale,False,Other
536420,22111,Scottie Dog Hot Water Bottle,3,,4.95,16583.0,United Kingdom,False,False,,,,,,,14.850000000000001,,Sale,False,Other
536420,22110,Bird House Hot Water Bottle,6,,2.55,16583.0,United Kingdom,False,False,,,,,,,15.299999999999999,,Sale,False,Other
536420,22358,Kings Choice Tea Caddy,6,,2.95,16583.0,United Kingdom,False,False,,,,,,,17.700000000000003,,Sale,False,Other
536420,22357,Kings Choice Biscuit Tin,4,,4.25,16583.0,United Kingdom,False,False,,,,,,,17.0,,Sale,False,Other
536420,22115,Metal Sign Empire Tea,6,,2.95,16583.0,United Kingdom,False,False,,,,,,,17.700000000000003,,Sale,False,Other
536420,22969,Homemade Jam Scented Candles,12,,1.45,16583.0,United Kingdom,False,False,,,,,,,17.4,,Sale,False,Home
536423,22619,Set Of 6 Soldier Skittles,4,,3.75,18085.0,United Kingdom,False,False,,,,,,,15.0,,Sale,False,Other
536423,21481,Fawn Blue Hot Water Bottle,6,,2.95,18085.0,United Kingdom,False,False,,,,,,,17.700000000000003,,Sale,False,Other
536423,22632,Hand Warmer Red Retrospot,12,,2.1,18085.0,United Kingdom,False,False,,,,,,,25.200000000000003,,Sale,False,Other
536423,22837,Hot Water Bottle Babushka,8,,4.65,18085.0,United Kingdom,False,False,,,,,,,37.2,,Sale,False,Other
536423,21479,White Skull Hot Water Bottle,8,,3.75,18085.0,United Kingdom,False,False,,,,,,,30.0,,Sale,False,Other
536423,21485,Retrospot Heart Hot Water Bottle,8,,4.95,18085.0,United Kingdom,False,False,,,,,,,39.6,,Sale,False,Other
536423,84029E,Red Woolly Hottie White Heart.,8,,3.75,18085.0,United Kingdom,False,False,,,,,,,30.0,,Sale,False,Other
536423,22111,Scottie Dog Hot Water Bottle,16,,4.95,18085.0,United Kingdom,False,False,,,,,,,79.2,,Sale,False,Other
536423,22113,Grey Heart Hot Water Bottle,8,,3.75,18085.0,United Kingdom,False,False,,,,,,,30.0,,Sale,False,Other
536425,22837,Hot Water Bottle Babushka,8,,4.65,13758.0,United Kingdom,False,False,,,,,,,37.2,,Sale,True,Other
536425,22585,Pack Of 6 Birdy Gift Tags,12,,1.25,13758.0,United Kingdom,False,False,,,,,,,15.0,,Sale,True,Other
536425,79321,Chilli Lights,8,,4.95,13758.0,United Kingdom,False,False,,,,,,,39.6,,Sale,True,Home
536425,22637,Piggy Bank Retrospot,12,,2.55,13758.0,United Kingdom,False,False,,,,,,,30.599999999999998,,Sale,True,Other
536425,21556,Ceramic Strawberry Money Box,6,,2.55,13758.0,United Kingdom,False,False,,,,,,,15.299999999999999,,Sale,True,Other
536425,22646,Ceramic Strawberry Cake Money Bank,12,,1.45,13758.0,United Kingdom,False,False,,,,,,,17.4,,Sale,True,Other
536425,22644,Ceramic Cherry Cake Money Bank,12,,1.45,13758.0,United Kingdom,False,False,,,,,,,17.4,,Sale,True,Other
536425,22645,Ceramic Heart Fairy Cake Money Bank,12,,1.45,13758.0,United Kingdom,False,False,,,,,,,17.4,,Sale,True,Other
536425,22650,Ceramic Pirate Chest Money Bank,12,,1.45,13758.0,United Kingdom,False,False,,,,,,,17.4,,Sale,True,Other
536425,22508,Doorstop Retrospot Heart,8,,3.75,13758.0,United Kingdom,False,False,,,,,,,30.0,,Sale,True,Other
536425,21411,Gingham Heart Doorstop Red,3,,4.25,13758.0,United Kingdom,False,False,,,,,,,12.75,,Sale,True,Other
536425,22511,Retrospot Babushka Doorstop,4,,3.75,13758.0,United Kingdom,False,False,,,,,,,15.0,,Sale,True,Other
536425,22451,Silk Purse Babushka Red,6,,3.35,13758.0,United Kingdom,False,False,,,,,,,20.1,,Sale,True,Other
536425,22449,Silk Purse Babushka Pink,6,,3.35,13758.0,United Kingdom,False,False,,,,,,,20.1,,Sale,True,Other
536425,22768,Family Photo Frame Cornice,2,,9.95,13758.0,United Kingdom,False,False,,,,,,,19.9,,Sale,True,Other
536425,22829,Sweetheart Wire Wall Tidy,2,,9.95,13758.0,United Kingdom,False,False,,,,,,,19.9,,Sale,True,Other
536425,22961,Jam Making Set Printed,12,,1.45,13758.0,United Kingdom,False,False,,,,,,,17.4,,Sale,True,Other
536437,21154,Red Retrospot Oven Glove,200,,1.06,13694.0,United Kingdom,False,False,,,,,,,212.0,,Sale,True,Other
536437,22189,Cream Heart Card Holder,72,,3.39,13694.0,United Kingdom,False,False,,,,,,,244.08,,Sale,True,Home
536437,17021,Namaste Swagat Incense,600,,0.24,13694.0,United Kingdom,False,False,,,,,,,144.0,,Sale,True,Other
536437,22059,Ceramic Strawberry Design Mug,48,,1.25,13694.0,United Kingdom,False,False,,,,,,,60.0,,Sale,True,Kitchen
536437,22188,Black Heart Card Holder,36,,3.39,13694.0,United Kingdom,False,False,,,,,,,122.04,,Sale,True,Home
536437,84678,Classical Rose Small Vase,48,,1.25,13694.0,United Kingdom,False,False,,,,,,,60.0,,Sale,True,Other
536446,85172,Hyacinth Bulb T-Light Candles,32,,0.42,15983.0,United Kingdom,False,False,,,,,,,13.44,,Sale,False,Home
536446,22142,Christmas Craft White Fairy,2,,1.45,15983.0,United Kingdom,False,False,,,,,,,2.9,,Sale,False,Other
536446,22144,Christmas Craft Little Friends,2,,2.1,15983.0,United Kingdom,False,False,,,,,,,4.2,,Sale,False,Other
536446,21591,Cosy Hour Cigar Box Matches,6,,1.25,15983.0,United Kingdom,False,False,,,,,,,7.5,,Sale,False,Other
536446,22480,Red Tea Towel Classic Design,12,,1.25,15983.0,United Kingdom,False,False,,,,,,,15.0,,Sale,False,Other
536446,22294,Heart Filigree Dove Small,48,,1.25,15983.0,United Kingdom,False,False,,,,,,,60.0,,Sale,False,Other
536446,21156,Retrospot Childrens Apron,1,,1.95,15983.0,United Kingdom,False,False,,,,,,,1.95,,Sale,False,Other
536446,10133,Colouring Pencils Brown Tube,5,,0.85,15983.0,United Kingdom,False,False,,,,,,,4.25,,Sale,False,Stationery
536446,72800E,4 Ivory Dinner Candles Silver Flock,6,,2.55,15983.0,United Kingdom,False,False,,,,,,,15.299999999999999,,Sale,False,Home
536446,22294,Heart Filigree Dove Small,24,,1.25,15983.0,United Kingdom,False,False,,,,,,,30.0,,Sale,False,Other
536446,84836,Zinc Metal Heart Decoration,12,,1.25,15983.0,United Kingdom,False,False,,,,,,,15.0,,Sale,False,Other
536446,20774,Green Fern Notebook,2,,1.65,15983.0,United Kingdom,False,False,,,,,,,3.3,,Sale,False,Stationery
536446,20773,Blue Paisley Notebook,2,,1.65,15983.0,United Kingdom,False,False,,,,,,,3.3,,Sale,False,Stationery
536446,20777,Chrysanthemum Notebook,2,,1.65,15983.0,United Kingdom,False,False,,,,,,,3.3,,Sale,False,Stationery
536446,16016,Large Chinese Style Scissor,10,,0.85,15983.0,United Kingdom,False,False,,,,,,,8.5,,Sale,False,Other
536446,16014,Small Chinese Style Scissor,10,,0.42,15983.0,United Kingdom,False,False,,,,,,,4.2,,Sale,False,Other
536446,21890,S/6 Wooden Skittles In Cotton Bag,2,,2.95,15983.0,United Kingdom,False,False,,,,,,,5.9,,Sale,False,Bags
536446,21891,Traditional Wooden Skipping Rope,2,,1.25,15983.0,United Kingdom,False,False,,,,,,,2.5,,Sale,False,Other
536446,22619,Set Of 6 Soldier Skittles,8,,3.75,15983.0,United Kingdom,False,False,,,,,,,30.0,,Sale,False,Other
536446,22620,4 Traditional Spinning Tops,6,,1.25,15983.0,United Kingdom,False,False,,,,,,,7.5,,Sale,False,Other
536446,84347,Rotating Silver Angels T-Light Hldr,12,,2.55,15983.0,United Kingdom,False,False,,,,,,,30.599999999999998,,Sale,False,Home
536446,85169B,Black Love Bird Candle,24,,1.25,15983.0,United Kingdom,False,False,,,,,,,30.0,,Sale,False,Home
536446,21156,Retrospot Childrens Apron,3,,1.95,15983.0,United Kingdom,False,False,,,,,,,5.85,,Sale,False,Other
536446,21651,Hanging Glass Etched Tealight,6,,1.65,15983.0,United Kingdom,False,False,,,,,,,9.899999999999999,,Sale,False,Home
536446,84625C,Blue New Baroque Candlestick Candle,10,,2.95,15983.0,United Kingdom,False,False,,,,,,,29.5,,Sale,False,Home
536446,22618,Cooking Set Retrospot,2,,9.95,15983.0,United Kingdom,False,False,,,,,,,19.9,,Sale,False,Other
536446,21586,Kings Choice Giant Tube Matches,4,,2.55,15983.0,United Kingdom,False,False,,,,,,,10.2,,Sale,False,Other
536446,21587,Cosy Hour Giant Tube Matches,4,,2.55,15983.0,United Kingdom,False,False,,,,,,,10.2,,Sale,False,Other
536446,22152,Place Setting White Star,24,,0.42,15983.0,United Kingdom,False,False,,,,,,,10.08,,Sale,False,Other
536446,85172,Hyacinth Bulb T-Light Candles,16,,0.42,15983.0,United Kingdom,False,False,,,,,,,6.72,,Sale,False,Home
536446,84754,S/15 Silver Glass Baubles In Bag,24,,1.25,15983.0,United Kingdom,False,False,,,,,,,30.0,,Sale,False,Bags
536460,22670,French Wc Sign Blue Metal,12,,1.25,14849.0,United Kingdom,False,False,,,,,,,15.0,,Sale,True,Other
536460,21586,Kings Choice Giant Tube Matches,12,,2.55,14849.0,United Kingdom,False,False,,,,,,,30.599999999999998,,Sale,True,Other
536460,84992,72 Sweetheart Fairy Cake Cases,24,,0.55,14849.0,United Kingdom,False,False,,,,,,,13.200000000000001,,Sale,True,Other
536460,84879,Assorted Colour Bird Ornament,24,,1.69,14849.0,United Kingdom,False,False,,,,,,,40.56,,Sale,True,Other
536460,84849B,Fairy Soap Soap Holder,12,,1.69,14849.0,United Kingdom,False,False,,,,,,,20.28,,Sale,True,Home
536460,22927,Green Giant Garden Thermometer,2,,5.95,14849.0,United Kingdom,False,False,,,,,,,11.9,,Sale,True,Other
536460,22926,Ivory Giant Garden Thermometer,4,,5.95,14849.0,United Kingdom,False,False,,,,,,,23.8,,Sale,True,Other
536460,22925,Blue Giant Garden Thermometer,2,,5.95,14849.0,United Kingdom,False,False,,,,,,,11.9,,Sale,True,Other
536460,21977,Pack Of 60 Pink Paisley Cake Cases,24,,0.55,14849.0,United Kingdom,False,False,,,,,,,13.200000000000001,,Sale,True,Other
536460,21485,Retrospot Heart Hot Water Bottle,6,,4.95,14849.0,United Kingdom,False,False,,,,,,,29.700000000000003,,Sale,True,Other
536460,21484,Chick Grey Hot Water Bottle,8,,3.45,14849.0,United Kingdom,False,False,,,,,,,27.6,,Sale,True,Other
536460,21259,Victorian Sewing Box Small,2,,5.95,14849.0,United Kingdom,False,False,,,,,,,11.9,,Sale,True,Other
536460,21257,Victorian Sewing Box Medium,2,,7.95,14849.0,United Kingdom,False,False,,,,,,,15.9,,Sale,True,Other
536460,21121,Set/10 Red Polkadot Party Candles,24,,1.25,14849.0,United Kingdom,False,False,,,,,,,30.0,,Sale,True,Home
536463,82552,Washroom Metal Sign,12,,1.45,14849.0,United Kingdom,False,False,,,,,,,17.4,,Sale,True,Other
536464,90200B,Black Sweetheart Bracelet,2,,4.25,17968.0,United Kingdom,False,False,,,,,,,8.5,,Sale,False,Other
536464,90059B,Diamante Hair Grip Pack/2 Black Dia,2,,1.65,17968.0,United Kingdom,False,False,,,,,,,3.3,,Sale,False,Other
536464,90185C,Black Diamante Expandable Ring,2,,4.25,17968.0,United Kingdom,False,False,,,,,,,8.5,,Sale,False,Other
536464,90059E,Diamante Hair Grip Pack/2 Ruby,3,,1.65,17968.0,United Kingdom,False,False,,,,,,,4.949999999999999,,Sale,False,Other
536464,90059C,Diamante Hair Grip Pack/2 Montana,1,,1.65,17968.0,United Kingdom,False,False,,,,,,,1.65,,Sale,False,Other
536464,90200C,Blue Sweetheart Bracelet,1,,4.25,17968.0,United Kingdom,False,False,,,,,,,4.25,,Sale,False,Other
536464,90200D,Pink Sweetheart Bracelet,3,,4.25,17968.0,United Kingdom,False,False,,,,,,,12.75,,Sale,False,Other
536464,90200A,Purple Sweetheart Bracelet,1,,4.25,17968.0,United Kingdom,False,False,,,,,,,4.25,,Sale,False,Other
536464,22386,Jumbo Bag Pink Polkadot,1,,1.95,17968.0,United Kingdom,False,False,,,,,,,1.95,,Sale,False,Bags
536464,85099B,Jumbo Bag Red Retrospot,1,,1.95,17968.0,United Kingdom,False,False,,,,,,,1.95,,Sale,False,Bags
536464,84879,Assorted Colour Bird Ornament,8,,1.69,17968.0,United Kingdom,False,False,,,,,,,13.52,,Sale,False,Other
536464,22086,Paper Chain Kit 50'S Christmas,1,,2.95,17968.0,United Kingdom,False,False,,,,,,,2.95,,Sale,False,Stationery
536464,22737,Ribbon Reel Christmas Present,1,,1.65,17968.0,United Kingdom,False,False,,,,,,,1.65,,Sale,False,Gift
536464,21260,First Aid Tin,1,,3.25,17968.0,United Kingdom,False,False,,,,,,,3.25,,Sale,False,Other
536464,22744,Make Your Own Monsoon Card Kit,2,,2.95,17968.0,United Kingdom,False,False,,,,,,,5.9,,Sale,False,Gift
536464,21985,Pack Of 12 Hearts Design Tissues,1,,0.29,17968.0,United Kingdom,False,False,,,,,,,0.29,,Sale,False,Other
536464,21980,Pack Of 12 Red Retrospot Tissues,1,,0.29,17968.0,United Kingdom,False,False,,,,,,,0.29,,Sale,False,Other
536464,22988,Soldiers Egg Cup,1,,1.25,17968.0,United Kingdom,False,False,,,,,,,1.25,,Sale,False,Other
536464,22297,Heart Ivory Trellis Small,1,,1.25,17968.0,United Kingdom,False,False,,,,,,,1.25,,Sale,False,Other
536464,22294,Heart Filigree Dove Small,1,,1.25,17968.0,United Kingdom,False,False,,,,,,,1.25,,Sale,False,Other
536464,22295,Heart Filigree Dove Large,1,,1.65,17968.0,United Kingdom,False,False,,,,,,,1.65,,Sale,False,Other
536464,22813,Pack 3 Boxes Bird Pannetone,2,,1.95,17968.0,United Kingdom,False,False,,,,,,,3.9,,Sale,False,Other
536464,22812,Pack 3 Boxes Christmas Pannetone,6,,1.95,17968.0,United Kingdom,False,False,,,,,,,11.7,,Sale,False,Other
536464,22197,Small Popcorn Holder,5,,0.85,17968.0,United Kingdom,False,False,,,,,,,4.25,,Sale,False,Home
536464,21977,Pack Of 60 Pink Paisley Cake Cases,1,,0.55,17968.0,United Kingdom,False,False,,,,,,,0.55,,Sale,False,Other
536464,22619,Set Of 6 Soldier Skittles,1,,3.75,17968.0,United Kingdom,False,False,,,,,,,3.75,,Sale,False,Other
536464,16258A,Swirly Circular Rubbers In Bag,1,,0.42,17968.0,United Kingdom,False,False,,,,,,,0.42,,Sale,False,Bags
536464,21992,Vintage Paisley Stationery Set,1,,2.95,17968.0,United Kingdom,False,False,,,,,,,2.95,,Sale,False,Other
536464,22910,Paper Chain Kit Vintage Christmas,1,,2.95,17968.0,United Kingdom,False,False,,,,,,,2.95,,Sale,False,Stationery
536464,21124,Set/10 Blue Polkadot Party Candles,1,,1.25,17968.0,United Kingdom,False,False,,,,,,,1.25,,Sale,False,Home
536464,22735,Ribbon Reel Socks And Mittens,2,,1.65,17968.0,United Kingdom,False,False,,,,,,,3.3,,Sale,False,Gift
536464,22952,60 Cake Cases Vintage Christmas,2,,0.55,17968.0,United Kingdom,False,False,,,,,,,1.1,,Sale,False,Other
536464,22945,Christmas Metal Tags Assorted,6,,0.85,17968.0,United Kingdom,False,False,,,,,,,5.1,,Sale,False,Other
536464,21816,Christmas Tree T-Light Holder,2,,1.45,17968.0,United Kingdom,False,False,,,,,,,2.9,,Sale,False,Home
536464,21815,Star T-Light Holder,4,,1.45,17968.0,United Kingdom,False,False,,,,,,,5.8,,Sale,False,Home
536464,21814,Heart T-Light Holder,2,,1.45,17968.0,United Kingdom,False,False,,,,,,,2.9,,Sale,False,Home
536464,10125,Mini Funky Design Tapes,2,,0.85,17968.0,United Kingdom,False,False,,,,,,,1.7,,Sale,False,Other
536464,22810,Set Of 6 T-Lights Snowmen,1,,2.95,17968.0,United Kingdom,False,False,,,,,,,2.95,,Sale,False,Home
536464,22573,Star Wooden Christmas Decoration,1,,0.85,17968.0,United Kingdom,False,False,,,,,,,0.85,,Sale,False,Other
536464,22577,Wooden Heart Christmas Scandinavian,1,,0.85,17968.0,United Kingdom,False,False,,,,,,,0.85,,Sale,False,Other
536464,22603,Christmas Retrospot Tree Wood,2,,0.85,17968.0,United Kingdom,False,False,,,,,,,1.7,,Sale,False,Other
536464,22809,Set Of 6 T-Lights Santa,1,,2.95,17968.0,United Kingdom,False,False,,,,,,,2.95,,Sale,False,Home
536464,20878,Set/9 Christmas T-Lights Scented,1,,1.25,17968.0,United Kingdom,False,False,,,,,,,1.25,,Sale,False,Home
536464,20866,Blue Rose Fabric Mirror,1,,1.25,17968.0,United Kingdom,False,False,,,,,,,1.25,,Sale,False,Other
536464,85095,Three Canvas Luggage Tags,1,,1.95,17968.0,United Kingdom,False,False,,,,,,,1.95,,Sale,False,Other
536464,22333,Retrospot Party Bag + Sticker Set,1,,1.65,17968.0,United Kingdom,False,False,,,,,,,1.65,,Sale,False,Bags
536464,22557,Plasters In Tin Vintage Paisley,1,,1.65,17968.0,United Kingdom,False,False,,,,,,,1.65,,Sale,False,Other
536464,21584,Retrospot Small Tube Matches,1,,1.65,17968.0,United Kingdom,False,False,,,,,,,1.65,,Sale,False,Other
536464,22866,Hand Warmer Scotty Dog Design,1,,2.1,17968.0,United Kingdom,False,False,,,,,,,2.1,,Sale,False,Other
536464,22731,3D Christmas Stamps Stickers,2,,1.25,17968.0,United Kingdom,False,False,,,,,,,2.5,,Sale,False,Other
536464,22866,Hand Warmer Scotty Dog Design,3,,2.1,17968.0,United Kingdom,False,False,,,,,,,6.300000000000001,,Sale,False,Other
536464,22558,Clothes Pegs Retrospot Pack 24,2,,1.49,17968.0,United Kingdom,False,False,,,,,,,2.98,,Sale,False,Other
536464,22956,36 Foil Heart Cake Cases,1,,2.1,17968.0,United Kingdom,False,False,,,,,,,2.1,,Sale,False,Other
536464,22582,Pack Of 6 Sweetie Gift Boxes,1,,2.55,17968.0,United Kingdom,False,False,,,,,,,2.55,,Sale,False,Other
536464,21212,Pack Of 72 Retrospot Cake Cases,1,,0.55,17968.0,United Kingdom,False,False,,,,,,,0.55,,Sale,False,Other
536464,21212,Pack Of 72 Retrospot Cake Cases,2,,0.55,17968.0,United Kingdom,False,False,,,,,,,1.1,,Sale,False,Other
536464,22585,Pack Of 6 Birdy Gift Tags,3,,1.25,17968.0,United Kingdom,False,False,,,,,,,3.75,,Sale,False,Other
536464,21121,Set/10 Red Polkadot Party Candles,1,,1.25,17968.0,United Kingdom,False,False,,,,,,,1.25,,Sale,False,Home
536464,21122,Set/10 Pink Polkadot Party Candles,1,,1.25,17968.0,United Kingdom,False,False,,,,,,,1.25,,Sale,False,Home
536464,22759,Set Of 3 Notebooks In Parcel,1,,1.65,17968.0,United Kingdom,False,False,,,,,,,1.65,,Sale,False,Stationery
536464,21815,Star T-Light Holder,1,,1.45,17968.0,United Kingdom,False,False,,,,,,,1.45,,Sale,False,Home
536464,85231B,Cinammon Set Of 9 T-Lights,3,,0.85,17968.0,United Kingdom,False,False,,,,,,,2.55,,Sale,False,Home
536464,85231G,Orange Scented Set/9 T-Lights,5,,0.85,17968.0,United Kingdom,False,False,,,,,,,4.25,,Sale,False,Home
536464,22082,Ribbon Reel Stripes Design,5,,1.65,17968.0,United Kingdom,False,False,,,,,,,8.25,,Sale,False,Gift
536464,22500,Set Of 2 Tins Jardin De Provence,2,,4.95,17968.0,United Kingdom,False,False,,,,,,,9.9,,Sale,False,Other
536464,22742,Make Your Own Playtime Card Kit,1,,2.95,17968.0,United Kingdom,False,False,,,,,,,2.95,,Sale,False,Gift
536464,21329,Dinosaurs Writing Set,1,,1.65,17968.0,United Kingdom,False,False,,,,,,,1.65,,Sale,False,Other
536464,21328,Balloons Writing Set,1,,1.65,17968.0,United Kingdom,False,False,,,,,,,1.65,,Sale,False,Other
536464,21327,Skulls Writing Set,1,,1.65,17968.0,United Kingdom,False,False,,,,,,,1.65,,Sale,False,Other
536464,21738,Cosy Slipper Shoes Small Red,1,,2.95,17968.0,United Kingdom,False,False,,,,,,,2.95,,Sale,False,Other
536464,48173C,Doormat Black Flock,1,,7.95,17968.0,United Kingdom,False,False,,,,,,,7.95,,Sale,False,Other
536464,85099C,Jumbo Bag Baroque Black White,1,,1.95,17968.0,United Kingdom,False,False,,,,,,,1.95,,Sale,False,Bags
536464,22960,Jam Making Set With Jars,1,,4.25,17968.0,United Kingdom,False,False,,,,,,,4.25,,Sale,False,Other
536464,85231G,Orange Scented Set/9 T-Lights,1,,0.85,17968.0,United Kingdom,False,False,,,,,,,0.85,,Sale,False,Home
536464,85231B,Cinammon Set Of 9 T-Lights,2,,0.85,17968.0,United Kingdom,False,False,,,,,,,1.7,,Sale,False,Home
536464,72818,Christmas Decoupage Candle,1,,0.85,17968.0,United Kingdom,False,False,,,,,,,0.85,,Sale,False,Home
536464,21814,Heart T-Light Holder,8,,1.45,17968.0,United Kingdom,False,False,,,,,,,11.6,,Sale,False,Home
536464,22441,Grow Your Own Basil In Enamel Mug,1,,2.1,17968.0,United Kingdom,False,False,,,,,,,2.1,,Sale,False,Kitchen
536464,22312,Office Mug Warmer Polkadot,1,,2.95,17968.0,United Kingdom,False,False,,,,,,,2.95,,Sale,False,Kitchen
536464,22197,Small Popcorn Holder,6,,0.85,17968.0,United Kingdom,False,False,,,,,,,5.1,,Sale,False,Home
536464,22663,Jumbo Bag Dolly Girl Design,1,,1.95,17968.0,United Kingdom,False,False,,,,,,,1.95,,Sale,False,Bags
536466,22960,Jam Making Set With Jars,6,,4.25,14849.0,United Kingdom,False,False,,,,,,,25.5,,Sale,True,Other
536466,22961,Jam Making Set Printed,12,,1.45,14849.0,United Kingdom,False,False,,,,,,,17.4,,Sale,True,Other
536477,21314,Small Glass Heart Trinket Pot,48,,1.85,16210.0,United Kingdom,False,False,,,,,,,88.80000000000001,,Sale,True,Kitchen
536477,84029E,Red Woolly Hottie White Heart.,24,,3.39,16210.0,United Kingdom,False,False,,,,,,,81.36,,Sale,True,Other
536477,21137,Black Record Cover Frame,480,,3.39,16210.0,United Kingdom,False,False,,,,,,,1627.2,,Sale,True,Other
536477,22041,"Record Frame 7"" Single Size",48,,2.1,16210.0,United Kingdom,False,False,,,,,,,100.80000000000001,,Sale,True,Other
536477,20979,36 Pencils Tube Red Retrospot,16,,1.25,16210.0,United Kingdom,False,False,,,,,,,20.0,,Sale,True,Stationery
536477,20977,36 Pencils Tube Woodland,16,,1.25,16210.0,United Kingdom,False,False,,,,,,,20.0,,Sale,True,Stationery
536477,22619,Set Of 6 Soldier Skittles,4,,3.75,16210.0,United Kingdom,False,False,,,,,,,15.0,,Sale,True,Other
536477,22571,Rocking Horse Red Christmas,96,,0.72,16210.0,United Kingdom,False,False,,,,,,,69.12,,Sale,True,Other
536477,22595,Christmas Gingham Heart,144,,0.72,16210.0,United Kingdom,False,False,,,,,,,103.67999999999999,,Sale,True,Other
536477,22593,Christmas Gingham Star,144,,0.72,16210.0,United Kingdom,False,False,,,,,,,103.67999999999999,,Sale,True,Other
536477,22633,Hand Warmer Union Jack,12,,2.1,16210.0,United Kingdom,False,False,,,,,,,25.200000000000003,,Sale,True,Other
536477,22632,Hand Warmer Red Retrospot,12,,2.1,16210.0,United Kingdom,False,False,,,,,,,25.200000000000003,,Sale,True,Other
536477,22423,Regency Cakestand 3 Tier,16,,10.95,16210.0,United Kingdom,False,False,,,,,,,175.2,,Sale,True,Other
536477,22411,Jumbo Shopper Vintage Red Paisley,10,,1.95,16210.0,United Kingdom,False,False,,,,,,,19.5,,Sale,True,Other
536488,22738,Ribbon Reel Snowy Village,5,,1.65,17897.0,United Kingdom,False,False,,,,,,,8.25,,Sale,False,Gift
536488,21621,Vintage Union Jack Bunting,1,,8.5,17897.0,United Kingdom,False,False,,,,,,,8.5,,Sale,False,Other
536488,22960,Jam Making Set With Jars,8,,4.25,17897.0,United Kingdom,False,False,,,,,,,34.0,,Sale,False,Other
536488,22082,Ribbon Reel Stripes Design,5,,1.65,17897.0,United Kingdom,False,False,,,,,,,8.25,,Sale,False,Gift
536488,47563A,Retro Longboard Ironing Board Cover,1,,3.75,17897.0,United Kingdom,False,False,,,,,,,3.75,,Sale,False,Other
536488,84558A,3D Dog Picture Playing Cards,1,,2.95,17897.0,United Kingdom,False,False,,,,,,,2.95,,Sale,False,Gift
536488,21592,Retrospot Cigar Box Matches,1,,1.25,17897.0,United Kingdom,False,False,,,,,,,1.25,,Sale,False,Other
536488,20878,Set/9 Christmas T-Lights Scented,2,,1.25,17897.0,United Kingdom,False,False,,,,,,,2.5,,Sale,False,Home
536488,84347,Rotating Silver Angels T-Light Hldr,1,,2.55,17897.0,United Kingdom,False,False,,,,,,,2.55,,Sale,False,Home
536488,21577,Save The Planet Cotton Tote Bag,1,,2.25,17897.0,United Kingdom,False,False,,,,,,,2.25,,Sale,False,Bags
536488,22909,Set Of 20 Vintage Christmas Napkins,1,,0.85,17897.0,United Kingdom,False,False,,,,,,,0.85,,Sale,False,Other
536488,22087,Paper Bunting White Lace,1,,2.95,17897.0,United Kingdom,False,False,,,,,,,2.95,,Sale,False,Stationery
536488,22651,Gentleman Shirt Repair Kit,2,,0.85,17897.0,United Kingdom,False,False,,,,,,,1.7,,Sale,False,Other
536488,22713,Card I Love London,12,,0.42,17897.0,United Kingdom,False,False,,,,,,,5.04,,Sale,False,Gift
536488,22910,Paper Chain Kit Vintage Christmas,1,,2.95,17897.0,United Kingdom,False,False,,,,,,,2.95,,Sale,False,Stationery
536488,21370,Mirrored Wall Art Foxy,2,,6.35,17897.0,United Kingdom,False,False,,,,,,,12.7,,Sale,False,Other
536488,21367,Mirrored Wall Art Gents,1,,2.55,17897.0,United Kingdom,False,False,,,,,,,2.55,,Sale,False,Other
536488,22376,Airline Bag Vintage Jet Set White,1,,4.25,17897.0,United Kingdom,False,False,,,,,,,4.25,,Sale,False,Bags
536488,22961,Jam Making Set Printed,1,,1.45,17897.0,United Kingdom,False,False,,,,,,,1.45,,Sale,False,Other
536488,21895,Potting Shed Sow 'N' Grow Set,1,,4.25,17897.0,United Kingdom,False,False,,,,,,,4.25,,Sale,False,Other
536488,22468,Babushka Lights String Of 10,1,,6.75,17897.0,United Kingdom,False,False,,,,,,,6.75,,Sale,False,Home
536488,21034,Rex Cash+Carry Jumbo Shopper,1,,0.95,17897.0,United Kingdom,False,False,,,,,,,0.95,,Sale,False,Other
536488,22372,Airline Bag Vintage World Champion,1,,4.25,17897.0,United Kingdom,False,False,,,,,,,4.25,,Sale,False,Bags
536488,22867,Hand Warmer Bird Design,1,,2.1,17897.0,United Kingdom,False,False,,,,,,,2.1,,Sale,False,Other
536488,22144,Christmas Craft Little Friends,1,,2.1,17897.0,United Kingdom,False,False,,,,,,,2.1,,Sale,False,Other
536488,21190,Pink Hearts Paper Garland,1,,1.65,17897.0,United Kingdom,False,False,,,,,,,1.65,,Sale,False,Stationery
536488,21894,Potting Shed Seed Envelopes,3,,1.25,17897.0,United Kingdom,False,False,,,,,,,3.75,,Sale,False,Other
536488,70007,Hi Tec Alpine Hand Warmer,3,,1.65,17897.0,United Kingdom,False,False,,,,,,,4.949999999999999,,Sale,False,Other
536488,22940,Feltcraft Christmas Fairy,1,,4.25,17897.0,United Kingdom,False,False,,,,,,,4.25,,Sale,False,Other
536488,70007,Hi Tec Alpine Hand Warmer,1,,1.65,17897.0,United Kingdom,False,False,,,,,,,1.65,,Sale,False,Other
536488,84347,Rotating Silver Angels T-Light Hldr,3,,2.55,17897.0,United Kingdom,False,False,,,,,,,7.6499999999999995,,Sale,False,Home
536488,22150,3 Stripey Mice Feltcraft,1,,1.95,17897.0,United Kingdom,False,False,,,,,,,1.95,,Sale,False,Other
536488,22149,Feltcraft 6 Flower Friends,2,,2.1,17897.0,United Kingdom,False,False,,,,,,,4.2,,Sale,False,Other
536488,22144,Christmas Craft Little Friends,2,,2.1,17897.0,United Kingdom,False,False,,,,,,,4.2,,Sale,False,Other
536500,21622,Vintage Union Jack Cushion Cover,10,,4.95,17377.0,United Kingdom,False,False,,,,,,,49.5,,Sale,True,Home
536500,46000M,Polyester Filler Pad 45X45Cm,10,,1.55,17377.0,United Kingdom,False,False,,,,,,,15.5,,Sale,True,Other
536500,22630,Dolly Girl Lunch Box,2,,1.95,17377.0,United Kingdom,False,False,,,,,,,3.9,,Sale,True,Toys
536500,22616,Pack Of 12 London Tissues,12,,0.29,17377.0,United Kingdom,False,False,,,,,,,3.4799999999999995,,Sale,True,Other
536500,22712,Card Dolly Girl,12,,0.42,17377.0,United Kingdom,False,False,,,,,,,5.04,,Sale,True,Gift
536500,22983,Card Billboard Font,12,,0.42,17377.0,United Kingdom,False,False,,,,,,,5.04,,Sale,True,Gift
536500,22024,Rainy Ladies Birthday Card,12,,0.42,17377.0,United Kingdom,False,False,,,,,,,5.04,,Sale,True,Gift
536500,22113,Grey Heart Hot Water Bottle,3,,3.75,17377.0,United Kingdom,False,False,,,,,,,11.25,,Sale,True,Other
536500,84029E,Red Woolly Hottie White Heart.,2,,3.75,17377.0,United Kingdom,False,False,,,,,,,7.5,,Sale,True,Other
536500,21488,Red White Scarf Hot Water Bottle,2,,3.95,17377.0,United Kingdom,False,False,,,,,,,7.9,,Sale,True,Other
536500,22900,Set 2 Tea Towels I Love London,7,,2.95,17377.0,United Kingdom,False,False,,,,,,,20.650000000000002,,Sale,True,Other
536500,22895,Set Of 2 Tea Towels Apple And Pears,3,,2.95,17377.0,United Kingdom,False,False,,,,,,,8.850000000000001,,Sale,True,Other
536500,21035,Set/2 Red Retrospot Tea Towels,3,,2.95,17377.0,United Kingdom,False,False,,,,,,,8.850000000000001,,Sale,True,Other
536500,21755,Love Building Block Word,6,,5.95,17377.0,United Kingdom,False,False,,,,,,,35.7,,Sale,True,Other
536500,21754,Home Building Block Word,6,,5.95,17377.0,United Kingdom,False,False,,,,,,,35.7,,Sale,True,Other
536502,84879,Assorted Colour Bird Ornament,16,,1.69,16552.0,United Kingdom,False,False,,,,,,,27.04,,Sale,False,Other
536502,22784,Lantern Cream Gazebo,3,,4.95,16552.0,United Kingdom,False,False,,,,,,,14.850000000000001,,Sale,False,Home
536502,21441,Blue Birdhouse Decoration,12,,0.85,16552.0,United Kingdom,False,False,,,,,,,10.2,,Sale,False,Other
536502,85123A,White Hanging Heart T-Light Holder,6,,2.95,16552.0,United Kingdom,False,False,,,,,,,17.700000000000003,,Sale,False,Home
536502,22423,Regency Cakestand 3 Tier,2,,12.75,16552.0,United Kingdom,False,False,,,,,,,25.5,,Sale,False,Other
536508,84947,Antique Silver Tea Glass Engraved,72,,1.06,17181.0,United Kingdom,False,False,,,,,,,76.32000000000001,,Sale,False,Kitchen
536508,21326,Aged Glass Silver T-Light Holder,144,,0.55,17181.0,United Kingdom,False,False,,,,,,,79.2,,Sale,False,Home
C536506,22960,Jam Making Set With Jars,-6,,4.25,17897.0,United Kingdom,True,True,,,,,,,-25.5,,Cancelled,False,Other
536514,22865,Hand Warmer Owl Design,36,,2.1,17951.0,United Kingdom,False,False,,,,,,,75.60000000000001,,Sale,False,Other
536514,22485,Set Of 2 Wooden Market Crates,4,,12.75,17951.0,United Kingdom,False,False,,,,,,,51.0,,Sale,False,Other
536514,22807,Set Of 6 T-Lights Toadstools,6,,2.95,17951.0,United Kingdom,False,False,,,,,,,17.700000000000003,,Sale,False,Home
536514,22633,Hand Warmer Union Jack,36,,2.1,17951.0,United Kingdom,False,False,,,,,,,75.60000000000001,,Sale,False,Other
536514,22866,Hand Warmer Scotty Dog Design,36,,2.1,17951.0,United Kingdom,False,False,,,,,,,75.60000000000001,,Sale,False,Other
536520,21794,Classic French Style Basket Natural,1,,6.75,14729.0,United Kingdom,False,False,,,,,,,6.75,,Sale,False,Other
536520,20707,Crazy Daisy Heart Decoration,1,,1.25,14729.0,United Kingdom,False,False,,,,,,,1.25,,Sale,False,Other
536520,21175,Gin + Tonic Diet Metal Sign,1,,2.1,14729.0,United Kingdom,False,False,,,,,,,2.1,,Sale,False,Other
536520,22926,Ivory Giant Garden Thermometer,1,,5.95,14729.0,United Kingdom,False,False,,,,,,,5.95,,Sale,False,Other
536520,22588,Card Holder Gingham Heart,2,,2.55,14729.0,United Kingdom,False,False,,,,,,,5.1,,Sale,False,Home
536520,21292,Small Stripes Chocolate Gift Bag,16,,0.85,14729.0,United Kingdom,False,False,,,,,,,13.6,,Sale,False,Bags
536520,21890,S/6 Wooden Skittles In Cotton Bag,1,,2.95,14729.0,United Kingdom,False,False,,,,,,,2.95,,Sale,False,Bags
536520,22632,Hand Warmer Red Retrospot,4,,2.1,14729.0,United Kingdom,False,False,,,,,,,8.4,,Sale,False,Other
536520,22633,Hand Warmer Union Jack,3,,2.1,14729.0,United Kingdom,False,False,,,,,,,6.300000000000001,,Sale,False,Other
536520,22670,French Wc Sign Blue Metal,1,,1.25,14729.0,United Kingdom,False,False,,,,,,,1.25,,Sale,False,Other
536520,21867,Pink Union Jack Luggage Tag,1,,1.25,14729.0,United Kingdom,False,False,,,,,,,1.25,,Sale,False,Other
536520,22760,"Tray, Breakfast In Bed",1,,12.75,14729.0,United Kingdom,False,False,,,,,,,12.75,,Sale,False,Other
536520,22107,Pizza Plate In Box,2,,3.75,14729.0,United Kingdom,False,False,,,,,,,7.5,,Sale,False,Kitchen
536520,22470,Heart Of Wicker Large,1,,2.95,14729.0,United Kingdom,False,False,,,,,,,2.95,,Sale,False,Other
536520,21486,Pink Heart Dots Hot Water Bottle,1,,3.75,14729.0,United Kingdom,False,False,,,,,,,3.75,,Sale,False,Other
536520,22151,Place Setting White Heart,14,,0.42,14729.0,United Kingdom,False,False,,,,,,,5.88,,Sale,False,Other
536520,22643,Set Of 4 Napkin Charms Leaves,4,,2.55,14729.0,United Kingdom,False,False,,,,,,,10.2,,Sale,False,Other
536520,22642,Set Of 4 Napkin Charms Stars,4,,2.55,14729.0,United Kingdom,False,False,,,,,,,10.2,,Sale,False,Other
536520,22604,Set Of 4 Napkin Charms Cutlery,3,,2.55,14729.0,United Kingdom,False,False,,,,,,,7.6499999999999995,,Sale,False,Other
536520,22099,Caravan Square Tissue Box,2,,1.25,14729.0,United Kingdom,False,False,,,,,,,2.5,,Sale,False,Other
536520,22553,Plasters In Tin Skulls,1,,1.65,14729.0,United Kingdom,False,False,,,,,,,1.65,,Sale,False,Other
536520,22551,Plasters In Tin Spaceboy,1,,1.65,14729.0,United Kingdom,False,False,,,,,,,1.65,,Sale,False,Other
536520,22653,Button Box,1,,1.95,14729.0,United Kingdom,False,False,,,,,,,1.95,,Sale,False,Other
536520,22557,Plasters In Tin Vintage Paisley,2,,1.65,14729.0,United Kingdom,False,False,,,,,,,3.3,,Sale,False,Other
536520,22906,12 Message Cards With Envelopes,6,,1.65,14729.0,United Kingdom,False,False,,,,,,,9.899999999999999,,Sale,False,Gift
536520,22754,Small Red Babushka Notebook,1,,0.85,14729.0,United Kingdom,False,False,,,,,,,0.85,,Sale,False,Stationery
536520,22938,Cupcake Lace Paper Set 6,5,,1.95,14729.0,United Kingdom,False,False,,,,,,,9.75,,Sale,False,Stationery
536520,22812,Pack 3 Boxes Christmas Pannetone,3,,1.95,14729.0,United Kingdom,False,False,,,,,,,5.85,,Sale,False,Other
536520,22919,Herb Marker Mint,2,,0.65,14729.0,United Kingdom,False,False,,,,,,,1.3,,Sale,False,Other
536520,22917,Herb Marker Rosemary,1,,0.65,14729.0,United Kingdom,False,False,,,,,,,0.65,,Sale,False,Other
536520,22920,Herb Marker Basil,3,,0.65,14729.0,United Kingdom,False,False,,,,,,,1.9500000000000002,,Sale,False,Other
536520,22921,Herb Marker Chives,2,,0.65,14729.0,United Kingdom,False,False,,,,,,,1.3,,Sale,False,Other
536520,22918,Herb Marker Parsley,2,,0.65,14729.0,United Kingdom,False,False,,,,,,,1.3,,Sale,False,Other
536520,22916,Herb Marker Thyme,1,,0.65,14729.0,United Kingdom,False,False,,,,,,,0.65,,Sale,False,Other
536520,85123A,White Hanging Heart T-Light Holder,3,,2.95,14729.0,United Kingdom,False,False,,,,,,,8.850000000000001,,Sale,False,Home
536520,22575,Metal Merry Christmas Wreath,1,,1.95,14729.0,United Kingdom,False,False,,,,,,,1.95,,Sale,False,Other
536520,21804,White Christmas Garland Stars Trees,3,,3.75,14729.0,United Kingdom,False,False,,,,,,,11.25,,Sale,False,Other
536520,21584,Retrospot Small Tube Matches,12,,1.65,14729.0,United Kingdom,False,False,,,,,,,19.799999999999997,,Sale,False,Other
536520,21588,Retrospot Giant Tube Matches,3,,2.55,14729.0,United Kingdom,False,False,,,,,,,7.6499999999999995,,Sale,False,Other
536520,22152,Place Setting White Star,12,,0.42,14729.0,United Kingdom,False,False,,,,,,,5.04,,Sale,False,Other
536520,22441,Grow Your Own Basil In Enamel Mug,1,,2.1,14729.0,United Kingdom,False,False,,,,,,,2.1,,Sale,False,Kitchen
536520,22955,36 Foil Star Cake Cases,2,,2.1,14729.0,United Kingdom,False,False,,,,,,,4.2,,Sale,False,Other
536520,22956,36 Foil Heart Cake Cases,2,,2.1,14729.0,United Kingdom,False,False,,,,,,,4.2,,Sale,False,Other
536520,22582,Pack Of 6 Sweetie Gift Boxes,2,,2.55,14729.0,United Kingdom,False,False,,,,,,,5.1,,Sale,False,Other
536520,22583,Pack Of 6 Handbag Gift Boxes,3,,2.55,14729.0,United Kingdom,False,False,,,,,,,7.6499999999999995,,Sale,False,Bags
536520,22241,Garland Wooden Happy Easter,2,,1.25,14729.0,United Kingdom,False,False,,,,,,,2.5,,Sale,False,Other
536520,22904,Calendar Paper Cut Design,3,,2.95,14729.0,United Kingdom,False,False,,,,,,,8.850000000000001,,Sale,False,Stationery
536520,22905,Calendar In Season Design,2,,2.95,14729.0,United Kingdom,False,False,,,,,,,5.9,,Sale,False,Other
536520,22197,Small Popcorn Holder,3,,0.85,14729.0,United Kingdom,False,False,,,,,,,2.55,,Sale,False,Home
536520,22092,Blue Paisley Tissue Box,1,,1.25,14729.0,United Kingdom,False,False,,,,,,,1.25,,Sale,False,Other
536520,22469,Heart Of Wicker Small,1,,1.65,14729.0,United Kingdom,False,False,,,,,,,1.65,,Sale,False,Other
536520,22100,Skulls Square Tissue Box,1,,1.25,14729.0,United Kingdom,False,False,,,,,,,1.25,,Sale,False,Other
536520,22096,Pink Paisley Square Tissue Box,1,,1.25,14729.0,United Kingdom,False,False,,,,,,,1.25,,Sale,False,Other
536520,22583,Pack Of 6 Handbag Gift Boxes,1,,2.55,14729.0,United Kingdom,False,False,,,,,,,2.55,,Sale,False,Bags
536520,21358,Toast Its - Happy Birthday,2,,1.25,14729.0,United Kingdom,False,False,,,,,,,2.5,,Sale,False,Other
536520,21123,Set/10 Ivory Polkadot Party Candles,1,,1.25,14729.0,United Kingdom,False,False,,,,,,,1.25,,Sale,False,Home
536520,21124,Set/10 Blue Polkadot Party Candles,1,,1.25,14729.0,United Kingdom,False,False,,,,,,,1.25,,Sale,False,Home
536520,21122,Set/10 Pink Polkadot Party Candles,1,,1.25,14729.0,United Kingdom,False,False,,,,,,,1.25,,Sale,False,Home
536520,84378,Set Of 3 Heart Cookie Cutters,1,,1.25,14729.0,United Kingdom,False,False,,,,,,,1.25,,Sale,False,Other
536520,21985,Pack Of 12 Hearts Design Tissues,12,,0.29,14729.0,United Kingdom,False,False,,,,,,,3.4799999999999995,,Sale,False,Other
536520,21427,Skulls Storage Box Small,2,,2.1,14729.0,United Kingdom,False,False,,,,,,,4.2,,Sale,False,Other
536520,21034,Rex Cash+Carry Jumbo Shopper,2,,0.95,14729.0,United Kingdom,False,False,,,,,,,1.9,,Sale,False,Other
536520,21930,Jumbo Storage Bag Skulls,1,,1.95,14729.0,United Kingdom,False,False,,,,,,,1.95,,Sale,False,Bags
536520,20772,Garden Path Journal,1,,2.55,14729.0,United Kingdom,False,False,,,,,,,2.55,,Sale,False,Other
536520,22469,Heart Of Wicker Small,2,,1.65,14729.0,United Kingdom,False,False,,,,,,,3.3,,Sale,False,Other
536520,71406C,Black Orange Squeezer,12,,0.42,14729.0,United Kingdom,False,False,,,,,,,5.04,,Sale,False,Other
536520,84985A,Set Of 72 Green Paper Doilies,1,,1.45,14729.0,United Kingdom,False,False,,,,,,,1.45,,Sale,False,Stationery
536520,20754,Retrospot Red Washing Up Gloves,1,,2.1,14729.0,United Kingdom,False,False,,,,,,,2.1,,Sale,False,Other
536520,84596E,Small Licorice Des Pink Bowl,1,,1.25,14729.0,United Kingdom,False,False,,,,,,,1.25,,Sale,False,Kitchen
536520,21111,"Swiss Roll Towel, Chocolate Spots",1,,2.95,14729.0,United Kingdom,False,False,,,,,,,2.95,,Sale,False,Other
536520,22501,Picnic Basket Wicker Large,1,,9.95,14729.0,United Kingdom,False,False,,,,,,,9.95,,Sale,False,Other
536521,22854,Cream Sweetheart Egg Holder,1,,4.95,12748.0,United Kingdom,False,False,,,,,,,4.95,,Sale,True,Home
536522,84997D,Pink 3 Piece Polkadot Cutlery Set,1,,3.75,15012.0,United Kingdom,False,False,,,,,,,3.75,,Sale,False,Other
536522,47599A,Pink Party Bags,1,,2.1,15012.0,United Kingdom,False,False,,,,,,,2.1,,Sale,False,Bags
536522,47599B,Blue Party Bags,1,,2.1,15012.0,United Kingdom,False,False,,,,,,,2.1,,Sale,False,Bags
536522,22749,Feltcraft Princess Charlotte Doll,1,,3.75,15012.0,United Kingdom,False,False,,,,,,,3.75,,Sale,False,Toys
536522,20972,Pink Cream Felt Craft Trinket Box,1,,1.25,15012.0,United Kingdom,False,False,,,,,,,1.25,,Sale,False,Other
536522,22569,Feltcraft Cushion Butterfly,1,,3.75,15012.0,United Kingdom,False,False,,,,,,,3.75,,Sale,False,Home
536522,21041,Red Retrospot Oven Glove Double,1,,2.95,15012.0,United Kingdom,False,False,,,,,,,2.95,,Sale,False,Other
